server,run,phase,monotonic_seconds,benchmark_seconds,cpu_seconds,rss_bytes
steel,1,benchmark,0.249481466,0,3.16,136597504
steel,1,benchmark,0.337502227,0.08802076099999998,4.87,345608192
steel,1,benchmark,0.588592236,0.33911077,12.56,496861184
steel,1,benchmark,0.870474716,0.62099325,21.19,622231552
steel,1,benchmark,1.119936971,0.870455505,28.57,717926400
steel,1,benchmark,1.372833153,1.123351687,36.34,847323136
steel,1,benchmark,1.6251784,1.375696934,44.12,962531328
steel,1,benchmark,1.876448757,1.626967291,51.88,1080479744
steel,1,benchmark,2.131655705,1.882174239,59.53,1200431104
steel,1,benchmark,2.382401129,2.1329196629999996,67.17,1337692160
steel,1,benchmark,2.640002946,2.39052148,74.51,1457733632
steel,1,benchmark,2.890155713,2.6406742469999998,82.19,1503199232
steel,1,benchmark,3.142803793,2.893322327,89.26,1615433728
steel,1,benchmark,3.39559382,3.146112354,97.18,1739255808
steel,1,benchmark,3.650967186,3.4014857199999997,105,1856626688
steel,1,benchmark,3.900094495,3.6506130289999996,112.36,1976733696
steel,1,benchmark,4.152414761,3.902933295,119.58,2043957248
steel,1,benchmark,4.410976532,4.1614950660000005,127.53,2165256192
steel,1,benchmark,4.663647644,4.414166178,135.37,2275590144
steel,1,benchmark,4.917667067,4.668185601,142.86,2395639808
steel,1,benchmark,5.169908459,4.920426993,150.37,2497613824
steel,1,benchmark,5.419611215,5.170129749,157.97,2563862528
steel,1,benchmark,5.67149155,5.422010084,164.09,2662596608
steel,1,benchmark,5.932619409,5.683137943,172.07,2807758848
steel,1,benchmark,6.185351043,5.935869577,179.95,3224985600
steel,1,benchmark,6.432068452,6.1825869860000005,187.18,3238522880
steel,1,benchmark,6.683837002,6.434355536,194.58,3249037312
steel,1,benchmark,6.940685445,6.691203979,201.76,3023818752
steel,1,benchmark,7.217377597,6.967896131,210.3,2599120896
steel,1,benchmark,7.469182639,7.219701173,217.74,2707517440
steel,1,benchmark,7.730179752,7.480698286,225.48,2802458624
steel,1,benchmark,8.000809966,7.7513285000000005,233.54,2878316544
steel,1,benchmark,8.253517919,8.004036453,240.85,2936279040
steel,1,benchmark,8.508437923,8.258956457,248.61,3033264128
steel,1,benchmark,8.766203908,8.516722441999999,256.35,3363536896
steel,1,benchmark,9.012898076,8.76341661,263.72,3378262016
steel,1,benchmark,9.266012077,9.016530610999999,270.34,3056754688
steel,1,benchmark,9.530985942,9.281504475999999,276.77,3012530176
steel,1,benchmark,9.787126082,9.537644616,284.44,2821734400
steel,1,benchmark,10.035673215,9.786191748999999,291.9,2849423360
steel,1,benchmark,10.296427177,10.046945711,299.58,2776043520
steel,1,benchmark,10.557990885,10.308509419,307.4,2857558016
steel,1,benchmark,10.811450463,10.561968997,314.54,2929545216
steel,1,benchmark,11.060046157,10.810564691,322.21,2946560000
steel,1,benchmark,11.33042943,11.080947964,330.46,3315818496
steel,1,benchmark,11.57937341,11.329891944,337.9,3261362176
steel,1,benchmark,11.829343418,11.579861952,344.47,3284443136
steel,1,benchmark,12.083501337,11.834019870999999,350.5,3289239552
steel,1,benchmark,12.340588781,12.091107314999999,358.29,2712174592
steel,1,benchmark,12.60173122,12.352249753999999,365.68,2624229376
steel,1,benchmark,12.852352587,12.602871121,372.07,2683752448
steel,1,benchmark,13.110753611,12.861272145,379.85,2813591552
steel,1,benchmark,13.359455831,13.109974365,387.19,2804060160
steel,1,benchmark,13.610965039,13.361483573,394.17,2750201856
steel,1,benchmark,13.874274557,13.624793090999999,400.53,2766848000
steel,1,benchmark,14.126443115,13.876961649,408.28,2776260608
steel,1,benchmark,14.390385193,14.140903727,416.19,2536890368
steel,1,benchmark,14.647655804,14.398174337999999,423.29,2549702656
steel,1,benchmark,14.898215729,14.648734263,430.23,2631610368
steel,1,benchmark,15.164713753,14.915232286999998,438.16,2682839040
steel,1,benchmark,15.414189418,15.164707951999999,445.76,2726490112
steel,1,benchmark,15.664616036,15.41513457,453.06,2825613312
steel,1,benchmark,15.922813981,15.673332514999998,460.64,2928386048
steel,1,benchmark,16.177121377,15.927639910999998,468.13,3028017152
steel,1,benchmark,16.433402393,16.183920927000003,475.66,3093491712
steel,1,benchmark,16.690086528,16.440605062,483.41,3149979648
steel,1,benchmark,16.946901369,16.697419903,491.3,3313942528
steel,1,benchmark,17.195551816,16.94607035,498.74,3363659776
steel,1,benchmark,17.453484518,17.204003052,506.74,3302416384
steel,1,benchmark,17.731480299,17.481998833000002,515.2,3324137472
steel,1,benchmark,17.981352451,17.731870985,522.82,3421831168
steel,1,benchmark,18.233230336,17.98374887,530.09,3490422784
steel,1,benchmark,18.48530821,18.235826744,537.86,3520086016
steel,1,benchmark,18.735670675,18.486189209000003,545.5,3700838400
steel,1,benchmark,18.99540412,18.745922654,553.56,3881451520
steel,1,benchmark,19.246267788,18.996786322000002,561.18,4001427456
steel,1,benchmark,19.51970177,19.270220304000002,569.53,3994476544
steel,1,benchmark,19.770212792,19.520731326,576.66,3963002880
steel,1,benchmark,20.035953691,19.786472225,584.41,3858763776
steel,1,benchmark,20.284372218,20.034890752000003,592.04,3793993728
steel,1,benchmark,20.537373674,20.287892208000002,599.85,3858927616
steel,1,benchmark,20.792087887,20.542606421000002,607.17,4041068544
steel,1,benchmark,21.047658701,20.798177235,614.97,3943665664
steel,1,benchmark,21.305014887,21.055533421,622.01,3801350144
steel,1,benchmark,21.555668215,21.306186749000002,629.3,3759157248
steel,1,benchmark,21.809040988,21.559559522,637.07,3774402560
steel,1,benchmark,22.06696921,21.817487744,645.03,3862241280
steel,1,benchmark,22.32398958,22.074508114,653.03,4345548800
steel,1,benchmark,22.596494849,22.347013383,661.48,4363624448
steel,1,benchmark,22.848258168,22.598776702000002,668.91,4380868608
steel,1,benchmark,23.098271277,22.848789811,675.07,4392878080
steel,1,benchmark,23.353677133,23.104195667000003,682.53,3818819584
steel,1,benchmark,23.610462403,23.360980937,690.5,3445874688
steel,1,benchmark,23.900977566,23.651496100000003,699.48,3475042304
steel,1,benchmark,24.1729325,23.923451034000003,707.85,3563986944
steel,1,benchmark,24.436595094,24.187113628000002,715.57,3591372800
steel,1,benchmark,24.6867598,24.437278334000002,723.16,3639537664
steel,1,benchmark,24.947820095,24.698338629000002,731.08,3799224320
steel,1,benchmark,25.200488076,24.95100661,738.95,4190715904
steel,1,benchmark,25.463819615,25.214338149,746.91,3852808192
steel,1,benchmark,25.713838184,25.464356718,751.79,3789348864
steel,1,benchmark,25.973851711,25.724370245,759.46,3798695936
steel,1,benchmark,26.227788479,25.978307013000002,767.28,3669319680
steel,1,benchmark,26.501493363,26.252011897000003,775.56,3356884992
steel,1,benchmark,26.769454034,26.519972568,783.85,3305279488
steel,1,benchmark,27.021101928,26.771620462,790.48,3386421248
steel,1,benchmark,27.27162495,27.022143484,798.06,3377352704
steel,1,benchmark,27.521931403,27.272449937,805.9,3522637824
steel,1,benchmark,27.775741075,27.526259609,813.65,3637575680
steel,1,benchmark,28.030276351,27.780794885000002,818.7,3656114176
steel,1,benchmark,28.281730806,28.03224934,826.18,3294904320
steel,1,benchmark,28.536925262,28.287443796,834.09,3102064640
steel,1,benchmark,28.792499916,28.54301845,841.78,2965315584
steel,1,benchmark,29.043752551,28.794271085000002,849.34,3023880192
steel,1,benchmark,29.300435636,29.05095417,856.7,3035631616
steel,1,benchmark,29.553740405,29.304258939,864.3,3174854656
steel,1,benchmark,29.811973881,29.562492415,871.94,3286147072
steel,1,benchmark,30.060674749,29.811193283,879.54,3293794304
steel,1,benchmark,30.31096047,30.061479004000002,884.73,3190132736
steel,1,benchmark,30.560461446,30.310979980000003,892.37,3132751872
steel,1,benchmark,30.817073457,30.567591991,900.42,3324293120
steel,1,benchmark,31.069533288,30.820051822,908.22,3329802240
steel,1,benchmark,31.32005669,31.070575224000002,915.77,3068616704
steel,1,benchmark,31.569946113,31.320464647,921.16,2964795392
steel,1,benchmark,31.831742091,31.582260625,929.24,2712002560
steel,1,benchmark,32.08919336,31.839711894000004,937.26,2721955840
steel,1,benchmark,32.342736621,32.093255155,944.57,2192674816
steel,1,benchmark,32.386282945,32.136801479,945.75,2194272256
steel,1,startup,32.592215085,32.342733619,946.05,1932922880
steel,1,startup,32.842192282,32.592710816,946.34,1930579968
steel,1,startup,33.092541996,32.84306053,946.64,1930780672
steel,1,startup,33.343031037,33.093549571000004,946.95,1900736512
steel,1,startup,33.592993433,33.343511967,947.21,1900806144
steel,1,startup,33.844258499,33.594777033,947.22,1900806144
steel,1,startup,34.094563301,33.845081835,947.22,1900806144
steel,1,startup,34.345197678,34.095716212,947.22,1900806144
steel,1,startup,34.595103512,34.345622046,947.25,0
fabric-c2me,1,startup,39.947177518,,0.7,132268032
fabric-c2me,1,startup,40.19792129,,1.53,208822272
fabric-c2me,1,startup,40.447559461,,2.65,427847680
fabric-c2me,1,startup,40.697845182,,4.27,533258240
fabric-c2me,1,startup,40.948392575,,5.34,544296960
fabric-c2me,1,startup,41.198326879,,6.51,588382208
fabric-c2me,1,startup,41.448651872,,8.05,623820800
fabric-c2me,1,startup,41.698741284,,10.08,735989760
fabric-c2me,1,startup,41.948687459,,10.93,757342208
fabric-c2me,1,startup,42.199445221,,11.91,818274304
fabric-c2me,1,startup,42.449293972,,12.88,795410432
fabric-c2me,1,startup,42.699710499,,13.59,828710912
fabric-c2me,1,startup,42.950830908,,16.44,878002176
fabric-c2me,1,startup,43.200583354,,18.29,898957312
fabric-c2me,1,startup,43.450621444,,19.63,932122624
fabric-c2me,1,startup,43.700842561,,20.99,947306496
fabric-c2me,1,startup,43.960818876,,25.99,955047936
fabric-c2me,1,startup,44.210765601,,29.09,973365248
fabric-c2me,1,startup,44.460771319,,32.05,977469440
fabric-c2me,1,startup,44.712443633,,35.25,979415040
fabric-c2me,1,benchmark,44.832094012,0,35.79,986517504
fabric-c2me,1,benchmark,44.962855289,0.13076127699999773,38.21,1016475648
fabric-c2me,1,benchmark,45.213997579,0.38190356700000194,43.46,1052803072
fabric-c2me,1,benchmark,45.463675912,0.6315819000000005,47.16,1059340288
fabric-c2me,1,benchmark,45.714529309,0.8824352970000007,52.45,1177993216
fabric-c2me,1,benchmark,45.964792988,1.1326989760000004,57.53,1190088704
fabric-c2me,1,benchmark,46.215247377,1.3831533649999983,62.33,1551880192
fabric-c2me,1,benchmark,46.466370976,1.6342769640000014,66.73,1556869120
fabric-c2me,1,benchmark,46.716400455,1.8843064429999998,71.67,1747058688
fabric-c2me,1,benchmark,46.966631213,2.1345372010000006,76.11,1755471872
fabric-c2me,1,benchmark,47.218820801,2.386726789000001,80.69,1756372992
fabric-c2me,1,benchmark,47.468244271,2.6361502590000043,84.75,2672283648
fabric-c2me,1,benchmark,47.718074131,2.8859801190000027,89.18,2676269056
fabric-c2me,1,benchmark,47.968476407,3.1363823949999983,92.3,2682073088
fabric-c2me,1,benchmark,48.218738186,3.386644174000004,95.48,3005792256
fabric-c2me,1,benchmark,48.469418975,3.6373249630000046,98.7,3006595072
fabric-c2me,1,benchmark,48.719358759,3.8872647470000032,102.23,3006947328
fabric-c2me,1,benchmark,48.97007893,4.137984918000001,106.11,3007434752
fabric-c2me,1,benchmark,49.220255945,4.388161932999999,110.08,3008081920
fabric-c2me,1,benchmark,49.470666852,4.638572840000002,113.6,3008290816
fabric-c2me,1,benchmark,49.72113148,4.889037467999998,116.68,3008647168
fabric-c2me,1,benchmark,49.972767532,5.14067352,120.29,3008999424
fabric-c2me,1,benchmark,50.221714621,5.389620608999998,122.35,3010060288
fabric-c2me,1,benchmark,50.47326914,5.641175128,123.71,3010691072
fabric-c2me,1,benchmark,50.723582592,5.891488580000001,127.27,3012173824
fabric-c2me,1,benchmark,50.973789529,6.141695517000002,130.51,3012554752
fabric-c2me,1,benchmark,51.224373113,6.392279101,132.48,3012730880
fabric-c2me,1,benchmark,51.474836051,6.642742038999998,134.91,3012993024
fabric-c2me,1,benchmark,51.725336022,6.893242010000002,137.03,3013234688
fabric-c2me,1,benchmark,51.97537071,7.143276698000001,140.44,3013550080
fabric-c2me,1,benchmark,52.22585266,7.393758648000002,143.1,3013763072
fabric-c2me,1,benchmark,52.476092878,7.643998866000004,146.55,3014025216
fabric-c2me,1,benchmark,52.726553797,7.894459785000002,149.93,3014213632
fabric-c2me,1,benchmark,52.976927011,8.144832999000002,153.52,3014819840
fabric-c2me,1,benchmark,53.227203041,8.395109029000004,156.7,3015163904
fabric-c2me,1,benchmark,53.477622347,8.645528335000002,159.37,3015307264
fabric-c2me,1,benchmark,53.729736251,8.897642239,160.56,3015413760
fabric-c2me,1,benchmark,53.978582775,9.146488763,162.92,3015487488
fabric-c2me,1,benchmark,54.228225656,9.396131644,164.71,3015606272
fabric-c2me,1,benchmark,54.478732356,9.646638344000003,167.98,3025780736
fabric-c2me,1,benchmark,54.728616098,9.896522086000004,171.54,3026427904
fabric-c2me,1,benchmark,54.979084777,10.146990764999998,174.94,3026677760
fabric-c2me,1,benchmark,55.230036298,10.397942286000003,178.37,3026939904
fabric-c2me,1,benchmark,55.479954061,10.647860049000002,181.48,3027402752
fabric-c2me,1,benchmark,55.729586251,10.897492239000002,184.76,3027689472
fabric-c2me,1,benchmark,55.980250239,11.148156227000001,188.17,3029749760
fabric-c2me,1,benchmark,56.230695046,11.398601034000002,191.59,3029999616
fabric-c2me,1,benchmark,56.481176065,11.649082053,195.37,3030450176
fabric-c2me,1,benchmark,56.731084868,11.898990856000005,198.24,3030634496
fabric-c2me,1,benchmark,56.9818489,12.149754888000004,201.72,3030794240
fabric-c2me,1,benchmark,57.232281367,12.400187355,204.8,3031097344
fabric-c2me,1,benchmark,57.483806834,12.651712822,207.92,3279450112
fabric-c2me,1,benchmark,57.734322285,12.902228272999999,211.44,3280347136
fabric-c2me,1,benchmark,57.984763262,13.152669250000002,214.88,3280814080
fabric-c2me,1,benchmark,58.238415736,13.406321724000001,217.67,3281272832
fabric-c2me,1,benchmark,58.486721216,13.654627204,221.14,3281473536
fabric-c2me,1,benchmark,58.737918417,13.905824405000004,224.38,3281838080
fabric-c2me,1,benchmark,58.987022093,14.154928081000001,227.73,3282083840
fabric-c2me,1,benchmark,59.237539964,14.405445952,230.98,3282493440
fabric-c2me,1,benchmark,59.487927729,14.655833717,233.17,3282640896
fabric-c2me,1,benchmark,59.738314634,14.906220622,236.45,3282886656
fabric-c2me,1,benchmark,59.989572068,15.157478056000002,239.76,3283251200
fabric-c2me,1,benchmark,60.239485261,15.407391249,243,3283390464
fabric-c2me,1,benchmark,60.489810033,15.657716020999999,246.2,3283529728
fabric-c2me,1,benchmark,60.739736357,15.907642345,249.34,3283705856
fabric-c2me,1,benchmark,60.990265148,16.158171136,252.35,3283599360
fabric-c2me,1,benchmark,61.24059551,16.408501498,255.67,3283787776
fabric-c2me,1,benchmark,61.490929462,16.658835449999998,258.54,3283918848
fabric-c2me,1,benchmark,61.74116261,16.909068598000005,261.08,3284070400
fabric-c2me,1,benchmark,61.991471931,17.159377919,263.52,3294437376
fabric-c2me,1,benchmark,62.241799842,17.40970583,266.11,3294687232
fabric-c2me,1,benchmark,62.492368035,17.660274023,268.88,3294867456
fabric-c2me,1,benchmark,62.7427644,17.910670388,271.24,3294945280
fabric-c2me,1,benchmark,62.992869092,18.16077508,273.23,3295092736
fabric-c2me,1,benchmark,63.243153242,18.41105923,275.53,3295223808
fabric-c2me,1,benchmark,63.495005993,18.662911981,278.74,3295457280
fabric-c2me,1,benchmark,63.744401213,18.912307201000004,282.05,3295756288
fabric-c2me,1,benchmark,63.994125607,19.162031595000002,284.98,3296993280
fabric-c2me,1,benchmark,64.244230739,19.412136727000004,287.22,3297128448
fabric-c2me,1,benchmark,64.494578161,19.662484149000008,290.19,3297288192
fabric-c2me,1,benchmark,64.744968736,19.912874724000005,293.53,3297464320
fabric-c2me,1,benchmark,64.995636803,20.163542790999998,295.79,3297689600
fabric-c2me,1,benchmark,65.246782213,20.414688201000004,298.88,3297906688
fabric-c2me,1,benchmark,65.497066582,20.664972570000003,302.08,3298029568
fabric-c2me,1,benchmark,65.750130349,20.918036337000004,305.16,3298185216
fabric-c2me,1,benchmark,65.997694384,21.165600372,307.32,3298242560
fabric-c2me,1,benchmark,66.248048028,21.415954016,309.74,3298336768
fabric-c2me,1,benchmark,66.498687163,21.666593151,312.83,3298455552
fabric-c2me,1,benchmark,66.749523318,21.917429306000002,316.17,3300618240
fabric-c2me,1,benchmark,66.999227421,22.167133409,319.8,3308683264
fabric-c2me,1,benchmark,67.251564665,22.419470653000005,322.91,3308765184
fabric-c2me,1,benchmark,67.499756169,22.667662156999995,326.1,3308855296
fabric-c2me,1,benchmark,67.750095901,22.918001888999996,329.39,3308912640
fabric-c2me,1,benchmark,68.00079514,23.168701127999995,332.63,3309162496
fabric-c2me,1,benchmark,68.250836469,23.418742457000008,335.91,3309350912
fabric-c2me,1,benchmark,68.501559358,23.669465345999996,339.29,3309678592
fabric-c2me,1,benchmark,68.752017156,23.919923143999995,342.5,3309756416
fabric-c2me,1,benchmark,69.002086646,24.169992633999996,345.93,3309944832
fabric-c2me,1,benchmark,69.252566274,24.420472262000004,348.8,3310227456
fabric-c2me,1,benchmark,69.502884255,24.670790243,352.09,3310411776
fabric-c2me,1,benchmark,69.753295891,24.921201878999995,355.57,3322376192
fabric-c2me,1,benchmark,70.004146646,25.172052633999996,358.85,3322564608
fabric-c2me,1,benchmark,70.254349102,25.422255090000007,362.08,3323076608
fabric-c2me,1,benchmark,70.505146295,25.673052283000004,365.25,3323375616
fabric-c2me,1,benchmark,70.755270217,25.923176205000004,367.7,3323551744
fabric-c2me,1,benchmark,71.005707934,26.173613922,371.08,3324231680
fabric-c2me,1,benchmark,71.25656939,26.424475377999997,374.33,3324395520
fabric-c2me,1,benchmark,71.506709363,26.674615351,377.24,3324506112
fabric-c2me,1,benchmark,71.756699169,26.924605157000002,379.34,3324719104
fabric-c2me,1,benchmark,72.007079593,27.174985581,382.18,3324887040
fabric-c2me,1,benchmark,72.257721548,27.425627536000007,385.7,3333562368
fabric-c2me,1,benchmark,72.508081091,27.675987078999995,389.25,3340484608
fabric-c2me,1,benchmark,72.758498247,27.926404235000007,392.55,3340615680
fabric-c2me,1,benchmark,73.00930491,28.177210898,395.8,3340718080
fabric-c2me,1,benchmark,73.259339348,28.427245336,398.83,3340935168
fabric-c2me,1,benchmark,73.509642129,28.677548117,401.87,3341017088
fabric-c2me,1,benchmark,73.761633566,28.929539554,405.12,3341180928
fabric-c2me,1,benchmark,74.011172151,29.179078138999998,408.44,3341357056
fabric-c2me,1,benchmark,74.261281494,29.429187482000003,411.75,3341635584
fabric-c2me,1,benchmark,74.511488469,29.679394457,414.96,3341828096
fabric-c2me,1,benchmark,74.761874963,29.929780950999998,418.15,3341922304
fabric-c2me,1,benchmark,75.012226765,30.180132752999995,421.37,3342229504
fabric-c2me,1,benchmark,75.262400819,30.430306807000008,424.56,3342372864
fabric-c2me,1,benchmark,75.512658118,30.680564106000006,425.64,3342389248
fabric-c2me,1,benchmark,75.763479922,30.931385910000003,428.85,3342602240
fabric-c2me,1,benchmark,76.013693068,31.181599055999996,432.09,3342864384
fabric-c2me,1,benchmark,76.264878298,31.432784286,435.39,3343032320
fabric-c2me,1,benchmark,76.514652974,31.682558962,438.75,3343331328
fabric-c2me,1,benchmark,76.764494703,31.932400690999998,440.68,3343462400
fabric-c2me,1,benchmark,77.014875147,32.182781135,444.11,3344125952
fabric-c2me,1,benchmark,77.265322824,32.433228811999996,447.48,3344343040
fabric-c2me,1,benchmark,77.516521855,32.684427842999995,450.85,3344564224
fabric-c2me,1,benchmark,77.768921491,32.936827479,454.2,3344801792
fabric-c2me,1,benchmark,78.01634587,33.184251857999996,455.72,3344826368
fabric-c2me,1,benchmark,78.266825348,33.434731336,458.67,3345035264
fabric-c2me,1,benchmark,78.517278025,33.685184013,461.33,3345186816
fabric-c2me,1,benchmark,78.767364635,33.93527062300001,464.58,3345399808
fabric-c2me,1,benchmark,79.018064744,34.185970732,467.8,3345510400
fabric-c2me,1,benchmark,79.268662117,34.436568105000006,470.79,3345846272
fabric-c2me,1,benchmark,79.518748297,34.686654285,473.5,3346034688
fabric-c2me,1,benchmark,79.769144952,34.937050940000006,475.6,3346292736
fabric-c2me,1,benchmark,80.019477773,35.18738376100001,477.06,3346513920
fabric-c2me,1,benchmark,80.269872707,35.437778695000006,479.68,3346755584
fabric-c2me,1,benchmark,80.520109354,35.688015342,482.92,3346829312
fabric-c2me,1,benchmark,80.770407184,35.93831317200001,486.12,3347009536
fabric-c2me,1,benchmark,81.020782497,36.188688485,489.43,3347173376
fabric-c2me,1,benchmark,81.271298317,36.439204305000004,492.78,3347406848
fabric-c2me,1,benchmark,81.521536254,36.689442242,495.81,3347558400
fabric-c2me,1,benchmark,81.771931498,36.939837486,498.84,3347668992
fabric-c2me,1,benchmark,82.022334883,37.190240871,502.12,3347845120
fabric-c2me,1,benchmark,82.272638653,37.440544641,505.35,3347992576
fabric-c2me,1,benchmark,82.522985805,37.690891793000006,508.57,3348144128
fabric-c2me,1,benchmark,82.774290081,37.942196069000005,511.62,3348373504
fabric-c2me,1,benchmark,83.02457196,38.192477948000004,514.62,3348574208
fabric-c2me,1,benchmark,83.274802776,38.442708764,517.86,3348701184
fabric-c2me,1,benchmark,83.52584228,38.69374826800001,521.09,3348885504
fabric-c2me,1,benchmark,83.776418333,38.944324320999996,524.24,3349000192
fabric-c2me,1,benchmark,84.026806846,39.194712834,527.41,3349188608
fabric-c2me,1,benchmark,84.277338497,39.445244485,529.34,3349372928
fabric-c2me,1,benchmark,84.527386945,39.695292933000005,532.51,3350446080
fabric-c2me,1,benchmark,84.777869313,39.945775301,535.05,3350675456
fabric-c2me,1,benchmark,85.028401053,40.196307041,538.19,3350974464
fabric-c2me,1,benchmark,85.278355237,40.446261225,540.85,3351117824
fabric-c2me,1,benchmark,85.528701329,40.696607317,544.07,3351326720
fabric-c2me,1,benchmark,85.779139065,40.947045053,547.3,3351449600
fabric-c2me,1,benchmark,86.02913163,41.197037617999996,549.1,3351646208
fabric-c2me,1,benchmark,86.279981805,41.44788779300001,551.58,3351842816
fabric-c2me,1,benchmark,86.529624965,41.697530953,554.37,3351949312
fabric-c2me,1,benchmark,86.780000348,41.947906336,556.57,3352104960
fabric-c2me,1,benchmark,87.030030235,42.197936223,559.37,3352158208
fabric-c2me,1,benchmark,87.280468081,42.448374068999996,561.2,3352244224
fabric-c2me,1,benchmark,87.530881546,42.698787534000004,564.03,3352363008
fabric-c2me,1,benchmark,87.781070571,42.948976559,565.89,3352436736
fabric-c2me,1,benchmark,88.031433393,43.199339381,568.43,3352498176
fabric-c2me,1,benchmark,88.281561355,43.449467342999995,571.01,3352625152
fabric-c2me,1,benchmark,88.531904806,43.699810794,573.9,3352711168
fabric-c2me,1,benchmark,88.782497079,43.950403066999996,577.11,3352846336
fabric-c2me,1,benchmark,89.032210942,44.20011693000001,580.35,3353202688
fabric-c2me,1,benchmark,89.28333745,44.451243438000006,583.51,3353284608
fabric-c2me,1,benchmark,89.533541075,44.701447063,586.68,3353387008
fabric-c2me,1,benchmark,89.784084465,44.95199045300001,589.94,3353546752
fabric-c2me,1,benchmark,90.034014588,45.201920576000006,593.23,3353985024
fabric-c2me,1,benchmark,90.284439683,45.452345671,596.43,3354095616
fabric-c2me,1,benchmark,90.536971285,45.70487727300001,599.68,3354173440
fabric-c2me,1,benchmark,90.78499569,45.952901678,602.95,3354263552
fabric-c2me,1,benchmark,91.03507137,46.202977358,606.14,3354411008
fabric-c2me,1,benchmark,91.285687844,46.453593831999996,609.23,3354578944
fabric-c2me,1,benchmark,91.535971692,46.703877680000005,612.5,3354738688
fabric-c2me,1,benchmark,91.786212529,46.954118517,615.77,3354906624
fabric-c2me,1,benchmark,92.036229886,47.204135874,618.93,3355009024
fabric-c2me,1,benchmark,92.286598428,47.454504416000006,622.11,3355090944
fabric-c2me,1,benchmark,92.53693908,47.704845068,625,3355181056
fabric-c2me,1,benchmark,92.787277791,47.955183778999995,628.25,3355328512
fabric-c2me,1,benchmark,93.038339295,48.206245283,631.45,3355455488
fabric-c2me,1,benchmark,93.287626498,48.455532485999996,634.7,3355631616
fabric-c2me,1,benchmark,93.538048773,48.705954761,637.93,3355836416
fabric-c2me,1,benchmark,93.788211746,48.956117734,641.17,3356028928
fabric-c2me,1,benchmark,94.038488955,49.20639494300001,644.48,3356184576
fabric-c2me,1,benchmark,94.288854427,49.456760415000005,647.63,3356409856
fabric-c2me,1,benchmark,94.539175127,49.707081114999994,650.94,3356721152
fabric-c2me,1,benchmark,94.78933727,49.957243258000005,654.3,3356954624
fabric-c2me,1,benchmark,95.03941835,50.20732433800001,657.6,3357114368
fabric-c2me,1,benchmark,95.289824814,50.457730802,660.81,3357376512
fabric-c2me,1,benchmark,95.540367944,50.708273932,664.04,3357532160
fabric-c2me,1,benchmark,95.791140445,50.959046433,667.31,3357659136
fabric-c2me,1,benchmark,96.040910681,51.208816669,670.51,3357769728
fabric-c2me,1,benchmark,96.291305424,51.459211412,673.73,3357872128
fabric-c2me,1,benchmark,96.541607944,51.70951393200001,677.01,3357995008
fabric-c2me,1,benchmark,96.792038049,51.959944037,680.25,3358183424
fabric-c2me,1,benchmark,97.042488225,52.210394213,683.4,3358302208
fabric-c2me,1,benchmark,97.292796145,52.460702133,686.09,3358466048
fabric-c2me,1,benchmark,97.542994789,52.710900777000006,688.86,3358691328
fabric-c2me,1,benchmark,97.794689952,52.96259594,692.05,3358785536
fabric-c2me,1,benchmark,98.043605818,53.211511806000004,695.3,3358928896
fabric-c2me,1,benchmark,98.294023683,53.46192967100001,697.72,3359014912
fabric-c2me,1,benchmark,98.544263109,53.712169097,700.79,3359199232
fabric-c2me,1,benchmark,98.794841081,53.962747069,703.95,3359346688
fabric-c2me,1,benchmark,99.044926,54.212831988000005,707.18,3359457280
fabric-c2me,1,benchmark,99.29568373,54.463589717999994,710.43,3359629312
fabric-c2me,1,benchmark,99.546332546,54.714238534,713.25,3359686656
fabric-c2me,1,benchmark,99.797007552,54.96491354,716.06,3360464896
fabric-c2me,1,benchmark,100.047396685,55.215302673,718.11,3360485376
fabric-c2me,1,benchmark,100.297820651,55.465726638999996,721.02,3360571392
fabric-c2me,1,benchmark,100.548421943,55.716327930999995,724.24,3360616448
fabric-c2me,1,benchmark,100.799162263,55.967068251,727.58,3360624640
fabric-c2me,1,benchmark,101.049096745,56.217002733,730.23,3360690176
fabric-c2me,1,benchmark,101.299376363,56.467282350999994,732.84,3360690176
fabric-c2me,1,benchmark,101.549595309,56.717501297,735.86,3360714752
fabric-c2me,1,benchmark,101.800088246,56.967994234,739.07,3360747520
fabric-c2me,1,benchmark,102.050328703,57.218234691000006,742.35,3360796672
fabric-c2me,1,benchmark,102.300769888,57.468675876000006,745.38,3360817152
fabric-c2me,1,benchmark,102.551044116,57.718950104,748.33,3360821248
fabric-c2me,1,benchmark,102.801334925,57.96924091300001,750.93,3360858112
fabric-c2me,1,benchmark,103.051656855,58.219562843000006,754.09,3360870400
fabric-c2me,1,benchmark,103.302191665,58.470097652999996,757.31,3360894976
fabric-c2me,1,benchmark,103.552441231,58.720347219000004,760.52,3360944128
fabric-c2me,1,benchmark,103.802866506,58.970772494,763.74,3361042432
fabric-c2me,1,benchmark,104.053203407,59.221109395,766.98,3361079296
fabric-c2me,1,benchmark,104.303552178,59.471458166000005,770.18,3361136640
fabric-c2me,1,benchmark,104.553988193,59.721894180999996,773.39,3361153024
fabric-c2me,1,benchmark,104.804220119,59.972126106999994,776.22,3361214464
fabric-c2me,1,benchmark,105.054612942,60.22251893000001,779.46,3360751616
fabric-c2me,1,benchmark,105.304800306,60.472706294000005,782.04,3360768000
fabric-c2me,1,benchmark,105.555437401,60.72334338900001,785.16,3360780288
fabric-c2me,1,benchmark,105.805685007,60.973590994999995,788.37,3360792576
fabric-c2me,1,benchmark,106.055961385,61.223867373000004,791.61,3360808960
fabric-c2me,1,benchmark,106.306466104,61.474372091999996,794.79,3360829440
fabric-c2me,1,benchmark,106.557109808,61.72501579600001,797.76,3360894976
fabric-c2me,1,benchmark,106.80725521,61.975161197999995,800.95,3360911360
fabric-c2me,1,benchmark,107.057541038,62.225447026,804.16,3360927744
fabric-c2me,1,benchmark,107.309797327,62.477703315,807.28,3360956416
fabric-c2me,1,benchmark,107.558242431,62.726148419,810.49,3360964608
fabric-c2me,1,benchmark,107.808569261,62.976475249,813.17,3360972800
fabric-c2me,1,benchmark,108.059100621,63.227006609,815.01,3361009664
fabric-c2me,1,benchmark,108.308864125,63.476770113,818.16,3361042432
fabric-c2me,1,benchmark,108.560067575,63.727973563000006,821.31,3361050624
fabric-c2me,1,benchmark,108.809705734,63.977611722000006,824.45,3361058816
fabric-c2me,1,benchmark,109.05995374,64.227859728,827.67,3361107968
fabric-c2me,1,benchmark,109.3102826,64.478188588,830.91,3361128448
fabric-c2me,1,benchmark,109.560583439,64.728489427,832.9,3361304576
fabric-c2me,1,benchmark,109.810688749,64.978594737,836.08,3361357824
fabric-c2me,1,benchmark,110.062039166,65.229945154,839.29,3361382400
fabric-c2me,1,benchmark,110.311485016,65.47939100400001,842.53,3361464320
fabric-c2me,1,benchmark,110.562025275,65.729931263,845.76,3361497088
fabric-c2me,1,benchmark,110.812181227,65.980087215,848.95,3361509376
fabric-c2me,1,benchmark,111.062259436,66.230165424,851.56,3361517568
fabric-c2me,1,benchmark,111.312860639,66.480766627,854.84,3361595392
fabric-c2me,1,benchmark,111.563376167,66.731282155,858.04,3361611776
fabric-c2me,1,benchmark,111.814398739,66.982304727,861.28,3361660928
fabric-c2me,1,benchmark,112.064498259,67.232404247,864.5,3361701888
fabric-c2me,1,benchmark,112.315355643,67.483261631,867.74,3361714176
fabric-c2me,1,benchmark,112.565269774,67.733175762,871.06,3361751040
fabric-c2me,1,benchmark,112.815374874,67.983280862,872.96,3361767424
fabric-c2me,1,benchmark,113.06562483,68.233530818,876.18,3361787904
fabric-c2me,1,benchmark,113.316048465,68.483954453,879.42,3361853440
fabric-c2me,1,benchmark,113.566479789,68.734385777,882.58,3361865728
fabric-c2me,1,benchmark,113.816537717,68.984443705,884.69,3361898496
fabric-c2me,1,benchmark,114.066924799,69.234830787,887.14,3362037760
fabric-c2me,1,benchmark,114.317162155,69.485068143,890.5,3364007936
fabric-c2me,1,benchmark,114.567698854,69.735604842,892.94,3364040704
fabric-c2me,1,benchmark,114.817776663,69.985682651,896.11,3364073472
fabric-c2me,1,benchmark,115.067921534,70.23582752200001,899.31,3364151296
fabric-c2me,1,benchmark,115.318237604,70.486143592,902.45,3364229120
fabric-c2me,1,benchmark,115.568627617,70.736533605,905.23,3364315136
fabric-c2me,1,benchmark,115.81881394,70.986719928,908,3364376576
fabric-c2me,1,benchmark,116.069338689,71.237244677,911.22,3364446208
fabric-c2me,1,benchmark,116.319747192,71.48765318,914.44,3364470784
fabric-c2me,1,benchmark,116.57001443,71.737920418,917.6,3364524032
fabric-c2me,1,benchmark,116.820616172,71.98852216,920.73,3364564992
fabric-c2me,1,benchmark,117.070373156,72.238279144,923.88,3364585472
fabric-c2me,1,benchmark,117.320905755,72.488811743,925.42,3364642816
fabric-c2me,1,benchmark,117.57112466,72.739030648,928.57,3364696064
fabric-c2me,1,benchmark,117.821585296,72.989491284,931.75,3365224448
fabric-c2me,1,benchmark,118.071658624,73.239564612,934.88,3365277696
fabric-c2me,1,benchmark,118.323184518,73.491090506,937.63,3365457920
fabric-c2me,1,benchmark,118.57246439,73.740370378,940.3,3365564416
fabric-c2me,1,benchmark,118.82279191,73.99069789800001,943.48,3365621760
fabric-c2me,1,benchmark,119.073036316,74.240942304,945.12,3365650432
fabric-c2me,1,benchmark,119.323629938,74.491535926,947.49,3365679104
fabric-c2me,1,benchmark,119.574033611,74.741939599,949.49,3365691392
fabric-c2me,1,benchmark,119.824392582,74.99229857,952.14,3365740544
fabric-c2me,1,benchmark,120.07444985,75.242355838,955.08,3365761024
fabric-c2me,1,benchmark,120.325720322,75.49362631,957.77,3365822464
fabric-c2me,1,benchmark,120.575618063,75.743524051,960.91,3365892096
fabric-c2me,1,benchmark,120.825594406,75.993500394,963.76,3365941248
fabric-c2me,1,benchmark,121.075904435,76.243810423,966.71,3366002688
fabric-c2me,1,benchmark,121.326591051,76.494497039,968.1,3366010880
fabric-c2me,1,benchmark,121.576810296,76.744716284,971.28,3366023168
fabric-c2me,1,benchmark,121.827186098,76.995092086,974.48,3366068224
fabric-c2me,1,benchmark,122.077664354,77.24557034200001,977.63,3366080512
fabric-c2me,1,benchmark,122.327752243,77.49565823100001,980.71,3366154240
fabric-c2me,1,benchmark,122.578129915,77.746035903,982.84,3366207488
fabric-c2me,1,benchmark,122.828530198,77.996436186,985.99,3366240256
fabric-c2me,1,benchmark,123.07869612,78.246602108,989.1,3366248448
fabric-c2me,1,benchmark,123.329178087,78.497084075,992.29,3366268928
fabric-c2me,1,benchmark,123.581625753,78.749531741,995.6,3368652800
fabric-c2me,1,benchmark,123.829815945,78.99772193300001,998.86,3368771584
fabric-c2me,1,benchmark,124.080285931,79.248191919,1002.12,3368779776
fabric-c2me,1,benchmark,124.330431312,79.4983373,1005.42,3368783872
fabric-c2me,1,benchmark,124.580811904,79.748717892,1008.72,3368886272
fabric-c2me,1,benchmark,124.831156515,79.999062503,1011.85,3608477696
fabric-c2me,1,benchmark,125.081569758,80.249475746,1014.99,3608563712
fabric-c2me,1,benchmark,125.332534967,80.500440955,1018.2,3608576000
fabric-c2me,1,benchmark,125.582625735,80.750531723,1019.5,3608588288
fabric-c2me,1,benchmark,125.835484291,81.003390279,1021.09,3608604672
fabric-c2me,1,benchmark,126.083255383,81.251161371,1024.37,3608780800
fabric-c2me,1,benchmark,126.333764671,81.501670659,1027.42,3608784896
fabric-c2me,1,benchmark,126.58406885,81.751974838,1030.61,3608797184
fabric-c2me,1,benchmark,126.835445887,82.003351875,1033.92,3608948736
fabric-c2me,1,benchmark,127.084820983,82.252726971,1036.5,3608961024
fabric-c2me,1,benchmark,127.335164813,82.503070801,1039.75,3608965120
fabric-c2me,1,benchmark,127.585614019,82.753520007,1043,3608989696
fabric-c2me,1,benchmark,127.835757189,83.003663177,1045.92,3609001984
fabric-c2me,1,benchmark,128.085989624,83.25389561200001,1049.14,3609006080
fabric-c2me,1,benchmark,128.336494622,83.50440061,1052.47,3609018368
fabric-c2me,1,benchmark,128.586839072,83.75474506,1055.76,3609042944
fabric-c2me,1,benchmark,128.837092138,84.004998126,1059.03,3609096192
fabric-c2me,1,benchmark,129.087371155,84.255277143,1062.28,3609116672
fabric-c2me,1,benchmark,129.337730876,84.505636864,1065.56,3609153536
fabric-c2me,1,benchmark,129.588658323,84.756564311,1068.78,3609178112
fabric-c2me,1,benchmark,129.841045906,85.008951894,1071.99,3609194496
fabric-c2me,1,benchmark,130.089049059,85.25695504699999,1075.22,3609264128
fabric-c2me,1,benchmark,130.342111064,85.510017052,1078.5,3609370624
fabric-c2me,1,benchmark,130.590028573,85.75793456100001,1081.75,3609526272
fabric-c2me,1,benchmark,130.840562872,86.00846886,1084.96,3609563136
fabric-c2me,1,benchmark,131.090747984,86.25865397199999,1088.17,3609563136
fabric-c2me,1,benchmark,131.340826582,86.50873257,1091.23,3609591808
fabric-c2me,1,benchmark,131.591418334,86.759324322,1094.48,3609669632
fabric-c2me,1,benchmark,131.841533763,87.009439751,1097.65,3609681920
fabric-c2me,1,benchmark,132.091763158,87.259669146,1100.9,3609825280
fabric-c2me,1,benchmark,132.34192021,87.50982619800001,1104.03,3609870336
fabric-c2me,1,benchmark,132.592114513,87.76002050100001,1105.95,3609919488
fabric-c2me,1,benchmark,132.843079911,88.01098589899999,1109.14,3609935872
fabric-c2me,1,benchmark,133.093417891,88.261323879,1112.33,3609976832
fabric-c2me,1,benchmark,133.342992416,88.51089840399999,1115.58,3609993216
fabric-c2me,1,benchmark,133.59320853,88.761114518,1118.73,3610009600
fabric-c2me,1,benchmark,133.843635013,89.01154100100001,1121.77,3610042368
fabric-c2me,1,benchmark,134.093840527,89.261746515,1124.89,3610091520
fabric-c2me,1,benchmark,134.343796039,89.51170202700001,1128.05,3610112000
fabric-c2me,1,benchmark,134.594283206,89.762189194,1131.29,3610152960
fabric-c2me,1,benchmark,134.844416736,90.012322724,1134.46,3610189824
fabric-c2me,1,benchmark,135.094937534,90.262843522,1137.57,3610189824
fabric-c2me,1,benchmark,135.34651224,90.51441822800001,1140.79,3611594752
fabric-c2me,1,benchmark,135.595500718,90.76340670600001,1143.97,3611660288
fabric-c2me,1,benchmark,135.846013196,91.013919184,1147.17,3611705344
fabric-c2me,1,benchmark,136.0960113,91.26391728799999,1150.48,3612483584
fabric-c2me,1,benchmark,136.346057606,91.51396359399999,1153.49,3612483584
fabric-c2me,1,benchmark,136.597556589,91.765462577,1156.71,3612516352
fabric-c2me,1,benchmark,136.847449028,92.015355016,1159.86,3612524544
fabric-c2me,1,benchmark,137.097291085,92.265197073,1163.2,3612622848
fabric-c2me,1,benchmark,137.347216236,92.51512222400001,1166.4,3612647424
fabric-c2me,1,benchmark,137.597550705,92.765456693,1169.52,3612676096
fabric-c2me,1,benchmark,137.849059008,93.01696499600001,1172.74,3612688384
fabric-c2me,1,benchmark,138.098739498,93.26664548599999,1175.96,3614330880
fabric-c2me,1,benchmark,138.348770183,93.516676171,1179.21,3614769152
fabric-c2me,1,benchmark,138.599406066,93.767312054,1182.47,3614785536
fabric-c2me,1,benchmark,138.849734716,94.017640704,1184.54,3614789632
fabric-c2me,1,benchmark,139.100163949,94.268069937,1187.65,3614810112
fabric-c2me,1,benchmark,139.350200685,94.518106673,1190.82,3614846976
fabric-c2me,1,benchmark,139.600335065,94.768241053,1194.01,3614859264
fabric-c2me,1,benchmark,139.8507843,95.01869028799999,1197.22,3614879744
fabric-c2me,1,benchmark,140.101105119,95.26901110700001,1200.41,3614912512
fabric-c2me,1,benchmark,140.351085572,95.51899155999999,1202.99,3614932992
fabric-c2me,1,benchmark,140.601258544,95.76916453199999,1206.19,3614961664
fabric-c2me,1,benchmark,140.851658576,96.019564564,1209.41,3615023104
fabric-c2me,1,benchmark,141.101913912,96.26981989999999,1212.6,3615031296
fabric-c2me,1,benchmark,141.35201228,96.519918268,1215.86,3615096832
fabric-c2me,1,benchmark,141.602403782,96.77030977000001,1219.03,3615129600
fabric-c2me,1,benchmark,141.852804114,97.02071010200001,1221.51,3615236096
fabric-c2me,1,benchmark,142.102752916,97.27065890399999,1224.76,3615293440
fabric-c2me,1,benchmark,142.352798942,97.52070493,1228.01,3615338496
fabric-c2me,1,benchmark,142.60310682,97.771012808,1231.26,3615391744
fabric-c2me,1,benchmark,142.853445919,98.021351907,1234.33,3615436800
fabric-c2me,1,benchmark,143.103356729,98.27126271700001,1237.35,3615494144
fabric-c2me,1,benchmark,143.35373363,98.521639618,1240.57,3615535104
fabric-c2me,1,benchmark,143.603900002,98.77180598999999,1243.78,3615592448
fabric-c2me,1,benchmark,143.854373257,99.022279245,1247.03,3615653888
fabric-c2me,1,benchmark,144.104185213,99.272091201,1249.42,3615690752
fabric-c2me,1,benchmark,144.356796946,99.524702934,1252.54,3615772672
fabric-c2me,1,benchmark,144.605011398,99.77291738599999,1255.8,3615834112
fabric-c2me,1,benchmark,144.85496155,100.02286753800001,1259.01,3615899648
fabric-c2me,1,benchmark,145.104904881,100.27281086900001,1262.16,3615981568
fabric-c2me,1,benchmark,145.355110314,100.523016302,1264.79,3616014336
fabric-c2me,1,benchmark,145.605398501,100.773304489,1267.09,3616067584
fabric-c2me,1,benchmark,145.85571949,101.02362547800001,1270.31,3616129024
fabric-c2me,1,benchmark,146.105791167,101.27369715500001,1273.52,3616198656
fabric-c2me,1,benchmark,146.355611282,101.52351727000001,1276.75,3616268288
fabric-c2me,1,benchmark,146.607434749,101.775340737,1279.69,3616350208
fabric-c2me,1,benchmark,146.857119839,102.02502582700001,1282.62,3616436224
fabric-c2me,1,benchmark,147.107153154,102.275059142,1285.83,3616444416
fabric-c2me,1,benchmark,147.357090435,102.524996423,1289.04,3616456704
fabric-c2me,1,benchmark,147.607660135,102.775566123,1292.36,3618922496
fabric-c2me,1,benchmark,147.858142121,103.02604810899999,1295.08,3618996224
fabric-c2me,1,benchmark,148.108102533,103.276008521,1298.41,3632087040
fabric-c2me,1,benchmark,148.358316397,103.52622238500001,1301.89,3632140288
fabric-c2me,1,benchmark,148.60875472,103.77666070800001,1305.11,3632222208
fabric-c2me,1,benchmark,148.859054508,104.02696049600002,1308.33,3632254976
fabric-c2me,1,benchmark,149.109064962,104.27697094999999,1311.22,3632263168
fabric-c2me,1,benchmark,149.359305107,104.52721109500001,1313.62,3632283648
fabric-c2me,1,benchmark,149.610308296,104.778214284,1316.92,3632316416
fabric-c2me,1,benchmark,149.860253467,105.02815945500001,1320.18,3632320512
fabric-c2me,1,benchmark,150.109888315,105.27779430300001,1323.42,3632340992
fabric-c2me,1,benchmark,150.359977122,105.52788311,1326.51,3632427008
fabric-c2me,1,benchmark,150.610411676,105.77831766400001,1329.71,3632439296
fabric-c2me,1,benchmark,150.861543581,106.02944956900001,1332.94,3632451584
fabric-c2me,1,benchmark,151.111507673,106.279413661,1336.18,3632472064
fabric-c2me,1,benchmark,151.361448364,106.52935435200001,1339.38,3632545792
fabric-c2me,1,benchmark,151.611835045,106.779741033,1342.74,3632582656
fabric-c2me,1,benchmark,151.862162374,107.03006836200001,1346.04,3636576256
fabric-c2me,1,benchmark,152.112152877,107.280058865,1349.19,3636580352
fabric-c2me,1,benchmark,152.362219534,107.53012552199999,1352.35,3636613120
fabric-c2me,1,benchmark,152.612430677,107.780336665,1355.51,3636617216
fabric-c2me,1,benchmark,152.86285416,108.03076014800001,1358.66,3636621312
fabric-c2me,1,benchmark,153.112735148,108.28064113600001,1361.62,3636641792
fabric-c2me,1,benchmark,153.362783974,108.530689962,1364.76,3636658176
fabric-c2me,1,benchmark,153.613321692,108.78122768,1367.98,3636801536
fabric-c2me,1,benchmark,153.863738815,109.031644803,1371.17,3636862976
fabric-c2me,1,benchmark,154.11354414,109.28145012799999,1374.36,3636948992
fabric-c2me,1,benchmark,154.363713742,109.53161972999999,1377.57,3637022720
fabric-c2me,1,benchmark,154.61403705,109.78194303800001,1380.79,3637059584
fabric-c2me,1,benchmark,154.864343417,110.03224940499999,1384.03,3637100544
fabric-c2me,1,benchmark,155.114362662,110.28226864999999,1387.28,3637149696
fabric-c2me,1,benchmark,155.364302112,110.53220809999999,1390.47,3637190656
fabric-c2me,1,benchmark,155.614639891,110.782545879,1393.65,3637231616
fabric-c2me,1,benchmark,155.864938049,111.03284403699999,1396.61,3637297152
fabric-c2me,1,benchmark,156.115003515,111.28290950300001,1399.77,3637350400
fabric-c2me,1,benchmark,156.365145685,111.53305167299999,1402.37,3637366784
fabric-c2me,1,benchmark,156.615378379,111.783284367,1405.56,3637395456
fabric-c2me,1,benchmark,156.865716948,112.033622936,1408.72,3637436416
fabric-c2me,1,benchmark,157.115851358,112.28375734599999,1411.9,3637473280
fabric-c2me,1,benchmark,157.366768413,112.53467440099999,1415.06,3637522432
fabric-c2me,1,benchmark,157.616797888,112.78470387600001,1418.27,3637567488
fabric-c2me,1,benchmark,157.866875235,113.03478122300001,1420.81,3637641216
fabric-c2me,1,benchmark,158.117383182,113.28528917,1423.86,3637690368
fabric-c2me,1,benchmark,158.367415506,113.53532149399999,1427.09,3637796864
fabric-c2me,1,benchmark,158.617805218,113.785711206,1430.3,3637874688
fabric-c2me,1,benchmark,158.868177828,114.036083816,1433.3,3637923840
fabric-c2me,1,benchmark,159.11835743,114.286263418,1436.52,3638005760
fabric-c2me,1,benchmark,159.369476854,114.537382842,1439.27,3638042624
fabric-c2me,1,benchmark,159.619699768,114.787605756,1442.12,3638099968
fabric-c2me,1,benchmark,159.870311909,115.03821789700001,1444.83,3638124544
fabric-c2me,1,benchmark,160.12025404,115.288160028,1448.02,3638149120
fabric-c2me,1,benchmark,160.371002688,115.538908676,1451,3638251520
fabric-c2me,1,benchmark,160.621468712,115.7893747,1454.18,3638317056
fabric-c2me,1,benchmark,160.872392088,116.040298076,1457.43,3638345728
fabric-c2me,1,benchmark,161.122047906,116.289953894,1460.65,3638358016
fabric-c2me,1,benchmark,161.372309341,116.540215329,1463.75,3638427648
fabric-c2me,1,benchmark,161.622535614,116.79044160199999,1466.94,3638444032
fabric-c2me,1,benchmark,161.8730194,117.040925388,1470.15,3638444032
fabric-c2me,1,benchmark,162.124659248,117.292565236,1473.1,3638460416
fabric-c2me,1,benchmark,162.374444452,117.54235044,1476.55,3670736896
fabric-c2me,1,benchmark,162.624178383,117.79208437099999,1479.13,3670548480
fabric-c2me,1,benchmark,162.874615986,118.04252197400001,1481.6,3670528000
fabric-c2me,1,benchmark,163.124741475,118.29264746300001,1484.61,3670556672
fabric-c2me,1,benchmark,163.375356407,118.543262395,1487.7,3670589440
fabric-c2me,1,benchmark,163.625599401,118.79350538899999,1490.91,3670597632
fabric-c2me,1,benchmark,163.875853766,119.043759754,1494.15,3670646784
fabric-c2me,1,benchmark,164.126890137,119.294796125,1496.85,3670663168
fabric-c2me,1,benchmark,164.376807376,119.54471336399999,1499.99,3670757376
fabric-c2me,1,benchmark,164.627221458,119.79512744600001,1502.83,3670777856
fabric-c2me,1,benchmark,164.877641631,120.04554761899999,1506.07,3670781952
fabric-c2me,1,benchmark,165.127714727,120.29562071500001,1508.72,3670802432
fabric-c2me,1,benchmark,165.377991923,120.545897911,1511.92,3670814720
fabric-c2me,1,benchmark,165.628544142,120.79645013000001,1515.2,3670835200
fabric-c2me,1,benchmark,165.878623958,121.04652994599999,1517.82,3670851584
fabric-c2me,1,benchmark,166.128969748,121.296875736,1520.78,3670876160
fabric-c2me,1,benchmark,166.379808389,121.547714377,1524.08,3670888448
fabric-c2me,1,benchmark,166.630146998,121.79805298599999,1527.25,3670941696
fabric-c2me,1,benchmark,166.880418533,122.04832452100001,1530.43,3670966272
fabric-c2me,1,benchmark,167.130870847,122.29877683500001,1533.7,3670986752
fabric-c2me,1,benchmark,167.381321741,122.549227729,1536.96,3670994944
fabric-c2me,1,benchmark,167.631877819,122.79978380700001,1539.15,3671011328
fabric-c2me,1,benchmark,167.882374445,123.05028043300001,1542.3,3671027712
fabric-c2me,1,benchmark,168.133195606,123.30110159399999,1545.52,3671027712
fabric-c2me,1,benchmark,168.383401748,123.55130773600001,1548.78,3671064576
fabric-c2me,1,benchmark,168.634289512,123.80219550000001,1551.25,3671109632
fabric-c2me,1,benchmark,168.884705834,124.05261182199999,1554.42,3671130112
fabric-c2me,1,benchmark,169.135074194,124.302980182,1557.68,3671134208
fabric-c2me,1,benchmark,169.385234654,124.55314064199999,1560.94,3671187456
fabric-c2me,1,benchmark,169.635816134,124.80372212200001,1563.26,3671220224
fabric-c2me,1,benchmark,169.886041767,125.053947755,1566.52,3671224320
fabric-c2me,1,benchmark,170.136336834,125.30424282199999,1569.79,3671236608
fabric-c2me,1,benchmark,170.388691635,125.55659762299999,1572.5,3671269376
fabric-c2me,1,benchmark,170.637384448,125.805290436,1575.65,3671285760
fabric-c2me,1,benchmark,170.887858193,126.055764181,1578.97,3671339008
fabric-c2me,1,benchmark,171.138802379,126.306708367,1581.78,3671347200
fabric-c2me,1,benchmark,171.388360542,126.55626652999999,1584.95,3671367680
fabric-c2me,1,benchmark,171.639036956,126.80694294400001,1588.21,3671379968
fabric-c2me,1,benchmark,171.889092121,127.056998109,1591.45,3671396352
fabric-c2me,1,benchmark,172.13922394,127.307129928,1594.13,3671408640
fabric-c2me,1,benchmark,172.389910264,127.55781625200001,1597.36,3671416832
fabric-c2me,1,benchmark,172.640380829,127.80828681700001,1600.62,3671437312
fabric-c2me,1,benchmark,172.892223776,128.060129764,1603.52,3671449600
fabric-c2me,1,benchmark,173.140855006,128.308760994,1606.68,3671465984
fabric-c2me,1,benchmark,173.391133002,128.55903899,1609.95,3671478272
fabric-c2me,1,benchmark,173.641585946,128.809491934,1612.81,3671506944
fabric-c2me,1,benchmark,173.892514901,129.060420889,1615.86,3671531520
fabric-c2me,1,benchmark,174.142348877,129.310254865,1619.14,3671552000
fabric-c2me,1,benchmark,174.270054302,129.43796029,1620.09,3671605248
fabric-c2me,1,startup,174.392276976,129.560182964,1620.52,3667759104
fabric-c2me,1,startup,174.643241173,129.811147161,1620.52,3667759104
fabric,1,startup,180.097710045,,0.69,126164992
fabric,1,startup,180.34798047,,1.48,209940480
fabric,1,startup,180.598120639,,2.91,448937984
fabric,1,startup,180.848461968,,3.9,491806720
fabric,1,startup,181.098791396,,5.1,515796992
fabric,1,startup,181.349335643,,6.33,556232704
fabric,1,startup,181.599615808,,7.85,634200064
fabric,1,startup,181.849940416,,9.54,722071552
fabric,1,startup,182.099880276,,10.32,744083456
fabric,1,startup,182.350591411,,11.14,783048704
fabric,1,startup,182.600611685,,12.49,809181184
fabric,1,startup,182.850822227,,13.44,830959616
fabric,1,startup,183.100771627,,17.47,865091584
fabric,1,startup,183.350962509,,18.96,899588096
fabric,1,startup,183.609962593,,21.23,911089664
fabric,1,startup,183.860182366,,29.17,914612224
fabric,1,startup,184.108078822,,33.38,938307584
fabric,1,startup,184.358266473,,39.46,938668032
fabric,1,startup,184.608669154,,40.69,940167168
fabric,1,benchmark,184.747676817,0,41.46,949374976
fabric,1,benchmark,184.863381962,0.11570514499999263,43.9,964063232
fabric,1,benchmark,185.117777036,0.370100218999994,49.17,1001209856
fabric,1,benchmark,185.363749064,0.6160722469999769,54.81,1002655744
fabric,1,benchmark,185.614106143,0.8664293259999738,56.37,1026191360
fabric,1,benchmark,185.864399229,1.1167224120000014,57.28,1132683264
fabric,1,benchmark,186.114521567,1.3668447499999843,58.16,1154965504
fabric,1,benchmark,186.364513859,1.616837041999986,58.93,1158598656
fabric,1,benchmark,186.614996464,1.867319646999988,60.94,1163874304
fabric,1,benchmark,186.865418876,2.117742058999994,62.12,1168400384
fabric,1,benchmark,187.115737833,2.3680610159999844,64.35,1169817600
fabric,1,benchmark,187.365540867,2.61786404999998,65.51,1170370560
fabric,1,benchmark,187.615768759,2.868091941999978,66.54,1170944000
fabric,1,benchmark,187.866041624,3.1183648069999776,67.95,1171464192
fabric,1,benchmark,188.116158892,3.3684820749999744,70.67,1177137152
fabric,1,benchmark,188.366751752,3.6190749349999862,71.27,1177161728
fabric,1,benchmark,188.616690791,3.8690139739999836,72.37,1183952896
fabric,1,benchmark,188.866977897,4.119301079999985,73.18,1183969280
fabric,1,benchmark,189.117884501,4.370207683999979,74.4,1193254912
fabric,1,benchmark,189.367639632,4.61996281499998,76.45,1197080576
fabric,1,benchmark,189.619459318,4.871782500999984,78.49,1214332928
fabric,1,benchmark,189.868658563,5.120981745999984,79.97,1389445120
fabric,1,benchmark,190.118458107,5.3707812899999965,80.84,1403367424
fabric,1,benchmark,190.37392932,5.626252502999989,82.17,1404264448
fabric,1,benchmark,190.619244458,5.871567640999984,83.92,1406459904
fabric,1,benchmark,190.869606997,6.121930179999993,86.16,1406873600
fabric,1,benchmark,191.11985777,6.372180952999997,86.91,1406910464
fabric,1,benchmark,191.370273212,6.622596394999988,88.64,1416732672
fabric,1,benchmark,191.620907533,6.873230715999995,90.49,1426423808
fabric,1,benchmark,191.870611602,7.122934784999984,91.15,1426599936
fabric,1,benchmark,192.121069575,7.373392757999994,92.4,1426661376
fabric,1,benchmark,192.372298414,7.624621596999987,93.55,1439879168
fabric,1,benchmark,192.621884537,7.874207719999987,95.34,1459793920
fabric,1,benchmark,192.871986104,8.124309286999988,95.92,1652174848
fabric,1,benchmark,193.123259325,8.37558250799998,96.99,1655599104
fabric,1,benchmark,193.37419798,8.626521162999978,98,1655742464
fabric,1,benchmark,193.622924354,8.875247536999979,100.04,1660416000
fabric,1,benchmark,193.874855034,9.127178216999994,101.27,1660506112
fabric,1,benchmark,194.124182016,9.376505198999979,102.03,1660538880
fabric,1,benchmark,194.374773845,9.62709702799998,102.67,1660604416
fabric,1,benchmark,194.624861272,9.877184454999991,103.7,1660706816
fabric,1,benchmark,194.875069653,10.127392835999984,104.68,1660739584
fabric,1,benchmark,195.125676093,10.377999275999997,105.94,1660846080
fabric,1,benchmark,195.376067843,10.628391025999974,106.47,1660850176
fabric,1,benchmark,195.626222723,10.878545906,107.03,1660891136
fabric,1,benchmark,195.876632724,11.128955906999977,108.52,1660911616
fabric,1,benchmark,196.128513682,11.380836864999992,108.99,1660944384
fabric,1,benchmark,196.37731678,11.629639962999988,111.2,1661358080
fabric,1,benchmark,196.627346973,11.879670155999975,112.17,1661374464
fabric,1,benchmark,196.877545674,12.129868856999991,113.17,1661407232
fabric,1,benchmark,197.127861811,12.38018499399999,114.7,1661476864
fabric,1,benchmark,197.378027651,12.630350833999984,115.26,1661509632
fabric,1,benchmark,197.628251693,12.880574875999997,116.73,1661599744
fabric,1,benchmark,197.87857535,13.130898532999993,117.58,1661632512
fabric,1,benchmark,198.128944749,13.381267931999986,118.46,1661566976
fabric,1,benchmark,198.379171992,13.631495174999998,119.45,1661632512
fabric,1,benchmark,198.629546061,13.881869244,120.35,1663623168
fabric,1,benchmark,198.881115825,14.133439007999982,121.33,1667694592
fabric,1,benchmark,199.130138272,14.382461454999998,123.62,1667801088
fabric,1,benchmark,199.380739552,14.633062734999982,124.54,1667874816
fabric,1,benchmark,199.631136282,14.883459464999987,125.63,1683935232
fabric,1,benchmark,199.88147417,15.133797352999977,126.48,1683972096
fabric,1,benchmark,200.131694952,15.384018134999991,127.67,1695215616
fabric,1,benchmark,200.382159555,15.634482737999974,128.52,1695092736
fabric,1,benchmark,200.632480622,15.88480380499999,129.36,1695117312
fabric,1,benchmark,200.884641973,16.136965155999974,130.36,1695158272
fabric,1,benchmark,201.133077094,16.385400276999974,131.91,1738174464
fabric,1,benchmark,201.383412221,16.635735403999973,133.34,1763688448
fabric,1,benchmark,201.633372761,16.88569594399999,133.75,1968185344
fabric,1,benchmark,201.884479024,17.136802206999988,135.08,1982939136
fabric,1,benchmark,202.134705086,17.387028268999984,136.4,1982980096
fabric,1,benchmark,202.384921978,17.63724516099998,137.37,1983176704
fabric,1,benchmark,202.635199373,17.887522555999993,138.18,1983188992
fabric,1,benchmark,202.885168883,18.137492065999993,140.33,1983934464
fabric,1,benchmark,203.135426747,18.387749929999984,140.75,1983950848
fabric,1,benchmark,203.385771975,18.638095158,141.31,1983963136
fabric,1,benchmark,203.636105632,18.888428814999997,141.89,1987932160
fabric,1,benchmark,203.886057852,19.13838103499998,142.14,1987944448
fabric,1,benchmark,204.136585318,19.388908500999975,142.67,1987956736
fabric,1,benchmark,204.387041911,19.639365094,143.52,1988374528
fabric,1,benchmark,204.637685963,19.890009145999983,144.54,1990234112
fabric,1,benchmark,204.887607511,20.139930693999986,145.35,1990262784
fabric,1,benchmark,205.138064814,20.390387996999976,146.94,1991602176
fabric,1,benchmark,205.389328714,20.641651896999974,148.49,1991839744
fabric,1,benchmark,205.640872426,20.893195608999974,150.08,1996984320
fabric,1,benchmark,205.889058935,21.141382117999996,152.02,1997000704
fabric,1,benchmark,206.139468466,21.391791648999998,153.48,1997692928
fabric,1,benchmark,206.389593193,21.641916375999983,154.72,1997713408
fabric,1,benchmark,206.640148801,21.892471983999997,156.05,1997750272
fabric,1,benchmark,206.890198065,22.14252124799998,156.65,1997754368
fabric,1,benchmark,207.140121553,22.392444735999987,157.15,1997754368
fabric,1,benchmark,207.390704012,22.643027194999974,158.4,1997791232
fabric,1,benchmark,207.640601829,22.892925011999978,158.99,1997795328
fabric,1,benchmark,207.891146675,23.143469857999975,159.52,1997848576
fabric,1,benchmark,208.141385555,23.393708737999987,162.24,1997905920
fabric,1,benchmark,208.391713902,23.64403708499998,162.51,1997914112
fabric,1,benchmark,208.64206424,23.894387422999984,163.05,1997930496
fabric,1,benchmark,208.892175427,24.14449861,163.37,1997930496
fabric,1,benchmark,209.142701733,24.395024915999983,164.47,1997971456
fabric,1,benchmark,209.392868822,24.645192004999984,164.82,1997971456
fabric,1,benchmark,209.643474382,24.89579756499998,166.22,1998004224
fabric,1,benchmark,209.893735915,25.146059097999995,167.36,1998004224
fabric,1,benchmark,210.146265293,25.398588475999986,168.59,1998028800
fabric,1,benchmark,210.395186675,25.647509857999978,169.8,1998098432
fabric,1,benchmark,210.646293628,25.898616810999982,170.98,1998143488
fabric,1,benchmark,210.896782202,26.149105384999984,172.21,1998241792
fabric,1,benchmark,211.147039386,26.399362568999976,173.7,1998319616
fabric,1,benchmark,211.397235046,26.64955822899998,174.61,1998401536
fabric,1,benchmark,211.647687519,26.900010701999975,176.24,2005127168
fabric,1,benchmark,211.897946172,27.150269354999978,177.19,2005299200
fabric,1,benchmark,212.148138813,27.40046199599999,178.11,2005319680
fabric,1,benchmark,212.398645488,27.650968670999987,179.38,2005352448
fabric,1,benchmark,212.648709052,27.901032234999974,180.23,2005389312
fabric,1,benchmark,212.899077801,28.15140098399999,181,2005422080
fabric,1,benchmark,213.149636658,28.40195984099998,182.17,2005512192
fabric,1,benchmark,213.401625101,28.653948283999995,182.75,2005524480
fabric,1,benchmark,213.650240249,28.902563431999994,183.79,2005614592
fabric,1,benchmark,213.900419799,29.152742981999978,184.2,2005676032
fabric,1,benchmark,214.150689763,29.40301294599999,186.93,2005745664
fabric,1,benchmark,214.401117314,29.65344049699999,187.92,2005745664
fabric,1,benchmark,214.651950734,29.904273916999983,189.08,2005770240
fabric,1,benchmark,214.902177076,30.154500258999974,189.77,2005856256
fabric,1,benchmark,215.152399098,30.404722280999977,191.33,2005868544
fabric,1,benchmark,215.404678394,30.65700157699999,192.45,2005872640
fabric,1,benchmark,215.654858394,30.90718157699999,192.91,2005901312
fabric,1,benchmark,215.905219302,31.157542484999993,194.22,2005901312
fabric,1,benchmark,216.155428283,31.40775146599998,195.22,2005925888
fabric,1,benchmark,216.406461262,31.65878444499998,196.53,2005958656
fabric,1,benchmark,216.656244324,31.908567506999987,197.52,2006003712
fabric,1,benchmark,216.906697946,32.159021128999996,198.61,2006020096
fabric,1,benchmark,217.156884176,32.40920735899999,200.02,2006032384
fabric,1,benchmark,217.407212643,32.659535825999995,200.86,2006036480
fabric,1,benchmark,217.657504958,32.90982814099999,202.27,2006040576
fabric,1,benchmark,217.907891047,33.16021422999998,202.84,2006040576
fabric,1,benchmark,218.158319798,33.410642980999995,203.94,2006040576
fabric,1,benchmark,218.408472237,33.66079542,204.46,2006052864
fabric,1,benchmark,218.658991872,33.91131505499999,205.56,2007916544
fabric,1,benchmark,218.909244455,34.16156763799998,208.02,2010886144
fabric,1,benchmark,219.159500868,34.411824050999996,208.3,2010882048
fabric,1,benchmark,219.409986962,34.66231014499999,208.67,2010890240
fabric,1,benchmark,219.661541865,34.91386504799999,209.49,2017505280
fabric,1,benchmark,219.910209945,35.16253312799998,210.53,2017521664
fabric,1,benchmark,220.161231513,35.41355469599998,211.76,2017677312
fabric,1,benchmark,220.411193373,35.66351655599999,212.52,2017677312
fabric,1,benchmark,220.661384903,35.913708085999986,213.4,2017681408
fabric,1,benchmark,220.911616585,36.16393976799998,214.85,2017726464
fabric,1,benchmark,221.162045796,36.41436897899999,215.74,2017751040
fabric,1,benchmark,221.41230166,36.664624842999984,216.84,2017755136
fabric,1,benchmark,221.662614275,36.914937458,217.67,2017800192
fabric,1,benchmark,221.912940552,37.165263734999996,218.69,2017816576
fabric,1,benchmark,222.163228966,37.41555214899998,219.68,2017841152
fabric,1,benchmark,222.413464469,37.66578765199998,220.78,2017845248
fabric,1,benchmark,222.663883929,37.916207111999995,222.13,2017878016
fabric,1,benchmark,222.914070369,38.16639355199999,223.32,2017906688
fabric,1,benchmark,223.164386025,38.416709207999986,224.16,2017918976
fabric,1,benchmark,223.414748403,38.66707158599999,225.24,2017927168
fabric,1,benchmark,223.664927172,38.91725035499999,226.68,2017943552
fabric,1,benchmark,223.915995553,39.168318735999975,227.82,2017955840
fabric,1,benchmark,224.165533723,39.417856906,229.28,2017955840
fabric,1,benchmark,224.416154923,39.66847810599998,229.87,2018050048
fabric,1,benchmark,224.666441167,39.918764349999975,230.65,2018058240
fabric,1,benchmark,224.916673399,40.16899658199998,232.18,2022375424
fabric,1,benchmark,225.166886951,40.419210134,233.02,2022416384
fabric,1,benchmark,225.417079601,40.669402784,235.12,2022559744
fabric,1,benchmark,225.6674671,40.919790283,236.6,2022567936
fabric,1,benchmark,225.919505944,41.171829126999995,237.44,2022707200
fabric,1,benchmark,226.167926684,41.420249866999995,238.45,2022715392
fabric,1,benchmark,226.418518782,41.670841964999994,239.91,2022739968
fabric,1,benchmark,226.668623958,41.920947141,240.51,2022748160
fabric,1,benchmark,226.918877811,42.171200993999975,240.79,2022748160
fabric,1,benchmark,227.169342683,42.421665865999984,241.65,2022752256
fabric,1,benchmark,227.421062484,42.67338566699999,242.16,2022776832
fabric,1,benchmark,227.66965408,42.921977262999974,243.35,2022817792
fabric,1,benchmark,227.919934384,43.172257566999974,243.68,2022821888
fabric,1,benchmark,228.17024807,43.422571253,244.54,2022834176
fabric,1,benchmark,228.420331125,43.67265430799998,244.96,2022866944
fabric,1,benchmark,228.670716984,43.92304016699998,245.65,2022907904
fabric,1,benchmark,228.921128634,44.173451817,246.66,2022957056
fabric,1,benchmark,229.171342225,44.42366540799998,247.28,2022977536
fabric,1,benchmark,229.421721084,44.674044267,248.68,2023002112
fabric,1,benchmark,229.672985373,44.925308555999976,249.59,2023018496
fabric,1,benchmark,229.921952077,45.17427525999997,250.23,2023071744
fabric,1,benchmark,230.172426159,45.424749341999984,251.57,2023096320
fabric,1,benchmark,230.422382329,45.674705511999974,251.89,2023100416
fabric,1,benchmark,230.672745727,45.92506890999999,253.46,2023133184
fabric,1,benchmark,230.922929646,46.17525282899999,254.38,2023137280
fabric,1,benchmark,231.17321737,46.42554055299999,255.32,2023215104
fabric,1,benchmark,231.423561848,46.67588503099998,256.23,2023227392
fabric,1,benchmark,231.674180107,46.92650329,257.41,2023251968
fabric,1,benchmark,231.925512879,47.17783606199998,258.6,2023268352
fabric,1,benchmark,232.174097005,47.42642018799998,259.86,2023325696
fabric,1,benchmark,232.424428702,47.67675188499999,261.46,2023395328
fabric,1,benchmark,232.674740787,47.92706396999998,262.31,2023403520
fabric,1,benchmark,232.925564336,48.177887518999995,264.08,2023436288
fabric,1,benchmark,233.176038319,48.428361502,265.61,2032504832
fabric,1,benchmark,233.426865228,48.679188410999984,267.62,2048471040
fabric,1,benchmark,233.67623634,48.92855952299999,268.92,2217410560
fabric,1,benchmark,233.926580717,49.178903899999995,269.25,2373017600
fabric,1,benchmark,234.176973386,49.42929656899997,270.77,2681794560
fabric,1,benchmark,234.427112343,49.67943552599999,271.28,2681851904
fabric,1,benchmark,234.677647019,49.92997020199999,272.36,2682036224
fabric,1,benchmark,234.92787266,50.18019584299998,273.09,2683482112
fabric,1,benchmark,235.178188896,50.43051207899998,273.98,2693042176
fabric,1,benchmark,235.430142366,50.682465549,275.02,2694373376
fabric,1,benchmark,235.678844888,50.93116807099997,275.91,2694397952
fabric,1,benchmark,235.929052948,51.18137613099998,276.92,2697568256
fabric,1,benchmark,236.179178755,51.431501938,277.9,2697592832
fabric,1,benchmark,236.429401956,51.68172513899998,278.73,2697596928
fabric,1,benchmark,236.679709881,51.932033063999995,279.92,2697654272
fabric,1,benchmark,236.930040258,52.18236344099998,280.62,2697633792
fabric,1,benchmark,237.180385684,52.432708866999974,282.12,2697691136
fabric,1,benchmark,237.430346914,52.682670097,282.56,2697703424
fabric,1,benchmark,237.680511362,52.93283454499999,283.44,2697707520
fabric,1,benchmark,237.930860229,53.18318341199998,283.98,2697711616
fabric,1,benchmark,238.18129036,53.43361354299998,284.91,2697748480
fabric,1,benchmark,238.431203807,53.68352698999999,285.69,2697764864
fabric,1,benchmark,238.681590215,53.93391339799999,286.57,2697814016
fabric,1,benchmark,238.931869909,54.18419309199999,287.73,2697822208
fabric,1,benchmark,239.183227632,54.435550815,289.05,2697830400
fabric,1,benchmark,239.433021484,54.68534466699998,289.45,2697859072
fabric,1,benchmark,239.683607412,54.935930594999974,291.71,2697957376
fabric,1,benchmark,239.933882805,55.18620598799998,292.72,2699427840
fabric,1,benchmark,240.186788459,55.439111642,294.43,2702647296
fabric,1,benchmark,240.434185901,55.686509083999994,296.47,2727952384
fabric,1,benchmark,240.684484985,55.936808168,297.6,2727993344
fabric,1,benchmark,240.934878704,56.187201886999986,299.1,2739249152
fabric,1,benchmark,241.185256123,56.437579305999975,300.71,2749644800
fabric,1,benchmark,241.435349578,56.68767276099999,301.63,2749693952
fabric,1,benchmark,241.685704365,56.93802754799998,302.67,2749804544
fabric,1,benchmark,241.936077473,57.188400656,303.76,2749825024
fabric,1,benchmark,242.186566706,57.438889888999995,305.19,2749911040
fabric,1,benchmark,242.436972045,57.68929522799999,306.24,2749923328
fabric,1,benchmark,242.687045099,57.939368281999975,307.35,2749956096
fabric,1,benchmark,242.937273351,58.189596533999975,308.12,2749956096
fabric,1,benchmark,243.187764704,58.440087886999976,309.41,2749976576
fabric,1,benchmark,243.437794726,58.69011790899998,310.28,2749980672
fabric,1,benchmark,243.688091451,58.94041463399998,311.27,2749984768
fabric,1,benchmark,243.938179916,59.19050309899998,311.66,2749988864
fabric,1,benchmark,244.188511462,59.440834644999995,313.02,2750058496
fabric,1,benchmark,244.438790665,59.691113847999986,313.47,2750062592
fabric,1,benchmark,244.68908736,59.94141054299999,314.6,2750111744
fabric,1,benchmark,244.939554522,60.191877704999996,315.99,2750189568
fabric,1,benchmark,245.18972075,60.44204393299998,317.25,2750189568
fabric,1,benchmark,245.440080518,60.69240370099999,317.75,2750189568
fabric,1,benchmark,245.690490087,60.94281326999999,318.96,2750263296
fabric,1,benchmark,245.940671486,61.192994669,319.82,2750275584
fabric,1,benchmark,246.191020593,61.44334377599998,321.17,2750320640
fabric,1,benchmark,246.441176951,61.693500133999976,321.57,2750324736
fabric,1,benchmark,246.691445264,61.943768447,322.79,2750332928
fabric,1,benchmark,246.941697156,62.19402033899999,323.79,2750361600
fabric,1,benchmark,247.191723208,62.444046391,324.18,2750365696
fabric,1,benchmark,247.442206831,62.69453001399998,324.93,2750365696
fabric,1,benchmark,247.692521536,62.944844718999974,325.6,2750394368
fabric,1,benchmark,247.94280495,63.195128133,326.22,2750439424
fabric,1,benchmark,248.193028151,63.44535133399998,327.61,2750476288
fabric,1,benchmark,248.443178078,63.695501260999976,327.94,2750476288
fabric,1,benchmark,248.693478382,63.94580156499998,329.23,2750455808
fabric,1,benchmark,248.943679222,64.19600240499997,329.72,2750455808
fabric,1,benchmark,249.194214638,64.44653782099999,331.28,2750464000
fabric,1,benchmark,249.444611586,64.696934769,331.79,2750504960
fabric,1,benchmark,249.694808036,64.947131219,332.5,2750509056
fabric,1,benchmark,249.945002956,65.19732613899998,333.08,2750509056
fabric,1,benchmark,250.195256858,65.44758004099998,333.45,2750513152
fabric,1,benchmark,250.445634096,65.69795727899998,334.63,2750550016
fabric,1,benchmark,250.695880808,65.94820399099999,335.35,2750550016
fabric,1,benchmark,250.945930041,66.19825322399998,335.63,2750566400
fabric,1,benchmark,251.196589591,66.44891277399998,336.27,2750615552
fabric,1,benchmark,251.446877615,66.69920079799999,337.21,2750615552
fabric,1,benchmark,251.697101046,66.94942422899999,337.6,2750615552
fabric,1,benchmark,251.947353008,67.19967619099998,337.98,2750615552
fabric,1,benchmark,252.19781976,67.45014294299997,338.42,2750685184
fabric,1,benchmark,252.447930766,67.700253949,339.32,2750889984
fabric,1,benchmark,252.698034811,67.950357994,339.81,2750889984
fabric,1,benchmark,252.948616678,68.200939861,340.35,2750894080
fabric,1,benchmark,253.204905077,68.45722826,341.37,2751012864
fabric,1,benchmark,253.454898987,68.70722217,341.66,2751012864
fabric,1,benchmark,253.705414731,68.95773791399998,342.87,2751012864
fabric,1,benchmark,253.955573519,69.207896702,343.15,2751012864
fabric,1,benchmark,254.205939556,69.45826273899999,343.81,2751102976
fabric,1,benchmark,254.456281492,69.70860467499998,344.58,2751107072
fabric,1,benchmark,254.706500353,69.95882353599998,345.01,2751115264
fabric,1,benchmark,254.956939223,70.209262406,345.69,2751201280
fabric,1,benchmark,255.207535631,70.459858814,347.05,2751320064
fabric,1,benchmark,255.457665948,70.70998913099999,347.93,2751340544
fabric,1,benchmark,255.708080777,70.96040395999998,349.29,2751414272
fabric,1,benchmark,255.958033426,71.21035660899997,349.95,2751414272
fabric,1,benchmark,256.208403073,71.46072625599999,350.28,2751414272
fabric,1,benchmark,256.459975585,71.71229876799998,351.35,2751426560
fabric,1,benchmark,256.709247093,71.96157027599997,352.25,2751430656
fabric,1,benchmark,256.95940561,72.21172879299996,352.84,2751430656
fabric,1,benchmark,257.209751067,72.46207425,354.05,2751430656
fabric,1,benchmark,257.46002966,72.71235284299996,354.56,2751442944
fabric,1,benchmark,257.71045476,72.96277794299999,354.94,2751447040
fabric,1,benchmark,257.960823227,73.21314640999998,356.33,2751451136
fabric,1,benchmark,258.210944433,73.463267616,357.41,2751455232
fabric,1,benchmark,258.461250647,73.71357382999997,358.27,2751455232
fabric,1,benchmark,258.711850955,73.96417413799998,359.36,2751520768
fabric,1,benchmark,258.962025694,74.21434887699996,360.52,2751520768
fabric,1,benchmark,259.21236515,74.46468833299997,361.25,2751524864
fabric,1,benchmark,259.462656263,74.71497944599997,362.39,2751537152
fabric,1,benchmark,259.716444667,74.96876785,363.03,2751537152
fabric,1,benchmark,259.963178998,75.21550218099998,363.87,2751541248
fabric,1,benchmark,260.213551595,75.465874778,364.85,2751541248
fabric,1,benchmark,260.463764626,75.71608780899999,365.4,2751541248
fabric,1,benchmark,260.714179415,75.96650259799998,366.08,2751541248
fabric,1,benchmark,260.964769702,76.217092885,367.24,2751561728
fabric,1,benchmark,261.21493476,76.46725794299999,368.01,2751561728
fabric,1,benchmark,261.465104677,76.71742785999999,368.33,2751561728
fabric,1,benchmark,261.715500945,76.96782412799996,369.07,2751569920
fabric,1,benchmark,261.965553748,77.21787693099998,370.54,2751582208
fabric,1,benchmark,262.215736817,77.46805999999998,371.31,2751586304
fabric,1,benchmark,262.465951557,77.71827473999997,372.21,2751586304
fabric,1,benchmark,262.718110946,77.97043412900001,373.37,2751643648
fabric,1,benchmark,262.966742644,78.21906582700001,374.42,2751655936
fabric,1,benchmark,263.21752276,78.469845943,375.79,2751672320
fabric,1,benchmark,263.467240467,78.71956365,376.5,2751672320
fabric,1,benchmark,263.71752805,78.96985123299999,377.95,2751705088
fabric,1,benchmark,263.96752084,79.21984402300001,378.21,2751705088
fabric,1,benchmark,264.218182051,79.47050523399997,379.49,2751705088
fabric,1,benchmark,264.468285596,79.72060877899997,379.78,2751705088
fabric,1,benchmark,264.718965597,79.97128878000001,380.47,2751713280
fabric,1,benchmark,264.96902475,80.221347933,381.96,2751713280
fabric,1,benchmark,265.219376476,80.47169965899997,383.08,2751717376
fabric,1,benchmark,265.469583636,80.72190681899997,384.21,2751717376
fabric,1,benchmark,265.719913471,80.97223665399997,385.5,2751721472
fabric,1,benchmark,265.970168263,81.22249144599999,387.95,2751766528
fabric,1,benchmark,266.220058409,81.47238159199998,388.46,2751770624
fabric,1,benchmark,266.470571822,81.722895005,389.91,2751770624
fabric,1,benchmark,266.722555633,81.974878816,390.44,2751770624
fabric,1,benchmark,266.971318637,82.22364182000001,392.06,2751770624
fabric,1,benchmark,267.222772604,82.47509578699999,392.7,2751774720
fabric,1,benchmark,267.471738616,82.72406179899997,393.83,2751791104
fabric,1,benchmark,267.722082642,82.97440582499996,394.57,2751791104
fabric,1,benchmark,267.972874469,83.22519765199996,395.38,2751787008
fabric,1,benchmark,268.222882459,83.47520564199999,396.22,2751787008
fabric,1,benchmark,268.473042637,83.72536581999998,397.53,2751787008
fabric,1,benchmark,268.723441265,83.975764448,398.49,2751787008
fabric,1,benchmark,268.973558171,84.22588135399997,399.57,2751799296
fabric,1,benchmark,269.224122437,84.47644561999999,400.43,2751799296
fabric,1,benchmark,269.47440166,84.726724843,402,2751823872
fabric,1,benchmark,269.724744455,84.977067638,402.58,2751823872
fabric,1,benchmark,269.974941564,85.22726474699999,403.62,2751823872
fabric,1,benchmark,270.224993917,85.4773171,404.64,2751832064
fabric,1,benchmark,270.476793449,85.729116632,406.69,2751836160
fabric,1,benchmark,270.726949767,85.97927295,408.03,2751836160
fabric,1,benchmark,270.977331064,86.22965424699998,408.87,2751836160
fabric,1,benchmark,271.22767346,86.47999664299999,411.03,2751881216
fabric,1,benchmark,271.478005665,86.730328848,411.87,2751885312
fabric,1,benchmark,271.728154622,86.98047780499996,412.92,2751885312
fabric,1,benchmark,271.978490708,87.23081389099997,413.91,2751885312
fabric,1,benchmark,272.228810022,87.48113320499999,415.1,2751885312
fabric,1,benchmark,272.479279834,87.731603017,416.54,2751893504
fabric,1,benchmark,272.729487083,87.98181026599997,417.6,2751893504
fabric,1,benchmark,272.979930024,88.23225320699999,419.25,2751901696
fabric,1,benchmark,273.230024588,88.48234777099998,420.16,2751901696
fabric,1,benchmark,273.480415986,88.73273916900001,421.56,2751913984
fabric,1,benchmark,273.730483799,88.982806982,422.54,2751913984
fabric,1,benchmark,273.980789773,89.23311295600001,423.47,2751930368
fabric,1,benchmark,274.232412147,89.48473532999998,424.79,2751934464
fabric,1,benchmark,274.481298946,89.73362212899997,426.38,2751991808
fabric,1,benchmark,274.731640222,89.983963405,426.99,2751991808
fabric,1,benchmark,274.981785659,90.23410884200001,428.54,2752000000
fabric,1,benchmark,275.232054911,90.48437809399996,429.7,2752004096
fabric,1,benchmark,275.482362225,90.73468540799996,430.73,2752032768
fabric,1,benchmark,275.732667949,90.984991132,431.92,2752049152
fabric,1,benchmark,275.982718501,91.23504168400001,432.59,2752049152
fabric,1,benchmark,276.233148071,91.485471254,433.48,2752073728
fabric,1,benchmark,276.484191779,91.736514962,434.75,2752221184
fabric,1,benchmark,276.734649929,91.98697311199999,436.18,2752409600
fabric,1,benchmark,276.988186311,92.24050949399998,437.45,2752507904
fabric,1,benchmark,277.235261607,92.48758478999997,439.09,2752610304
fabric,1,benchmark,277.489021059,92.74134424199997,440.31,2752626688
fabric,1,benchmark,277.735881315,92.98820449799996,441.67,2752626688
fabric,1,benchmark,277.986091805,93.23841498799999,442.95,2752626688
fabric,1,benchmark,278.236523695,93.488846878,444.36,2752643072
fabric,1,benchmark,278.48665409,93.73897727299999,444.91,2752638976
fabric,1,benchmark,278.737183395,93.98950657799998,446.11,2752651264
fabric,1,benchmark,278.987257238,94.23958042099997,447.2,2752684032
fabric,1,benchmark,279.237508109,94.48983129199996,448.37,2752684032
fabric,1,benchmark,279.487811293,94.74013447599998,449.21,2752684032
fabric,1,benchmark,279.737842704,94.99016588699999,451.04,2752745472
fabric,1,benchmark,279.988053064,95.24037624699997,451.92,2752782336
fabric,1,benchmark,280.238061274,95.490384457,452.8,2752815104
fabric,1,benchmark,280.488277143,95.74060032599999,454.25,2752827392
fabric,1,benchmark,280.738302765,95.990625948,454.88,2752847872
fabric,1,benchmark,280.988731614,96.241054797,456.78,2752892928
fabric,1,benchmark,281.239149343,96.491472526,458.09,2752937984
fabric,1,benchmark,281.489476368,96.74179955099999,458.85,2752937984
fabric,1,benchmark,281.739795352,96.99211853499997,459.96,2752937984
fabric,1,benchmark,281.990953795,97.24327697799998,461.04,2752958464
fabric,1,benchmark,282.24127847,97.49360165299998,462.34,2752958464
fabric,1,benchmark,282.491563402,97.74388658499998,463.76,2752970752
fabric,1,benchmark,282.742012253,97.99433543599997,464.97,2752970752
fabric,1,benchmark,282.992241723,98.244564906,465.91,2752974848
fabric,1,benchmark,283.244316738,98.496639921,467.19,2752991232
fabric,1,benchmark,283.492996567,98.74531974999996,468.54,2752995328
fabric,1,benchmark,283.743399215,98.995722398,469.85,2753003520
fabric,1,benchmark,283.99328591,99.24560909299998,470.82,2753007616
fabric,1,benchmark,284.244022793,99.49634597599999,471.95,2753024000
fabric,1,benchmark,284.493867906,99.74619108899998,473.24,2753036288
fabric,1,benchmark,284.744321826,99.99664500899996,473.74,2753040384
fabric,1,benchmark,284.997801435,100.25012461799997,475.55,2753052672
fabric,1,benchmark,285.247783464,100.500106647,475.89,2753069056
fabric,1,benchmark,285.498372171,100.75069535400002,476.64,2753101824
fabric,1,benchmark,285.748653804,101.000976987,478.29,2753110016
fabric,1,benchmark,285.998689095,101.25101227799996,478.76,2753122304
fabric,1,benchmark,286.249195228,101.501518411,480.12,2753208320
fabric,1,benchmark,286.4997017,101.75202488299999,480.87,2753228800
fabric,1,benchmark,286.749816805,102.00213998800001,481.85,2753228800
fabric,1,benchmark,287.000464565,102.252787748,483.83,2753245184
fabric,1,benchmark,287.251187428,102.50351061099997,485.18,2753269760
fabric,1,benchmark,287.500936926,102.753260109,486.25,2753282048
fabric,1,benchmark,287.751271071,103.003594254,487.38,2753282048
fabric,1,benchmark,288.001369145,103.253692328,488.52,2753306624
fabric,1,benchmark,288.251769423,103.50409260599997,489.1,2753306624
fabric,1,benchmark,288.502036405,103.754359588,490.53,2753306624
fabric,1,benchmark,288.752411432,104.00473461499996,491.54,2753339392
fabric,1,benchmark,289.00279907,104.25512225299997,492.44,2753343488
fabric,1,benchmark,289.253227889,104.505551072,493.26,2753347584
fabric,1,benchmark,289.503402316,104.755725499,494.57,2753355776
fabric,1,benchmark,289.753686259,105.00600944199999,495.43,2753355776
fabric,1,benchmark,290.00393155,105.25625473299999,496.64,2753359872
fabric,1,benchmark,290.254292056,105.50661523899998,497.15,2753359872
fabric,1,benchmark,290.504530856,105.75685403899996,498.07,2753368064
fabric,1,benchmark,290.754951025,106.00727420800001,499.08,2753425408
fabric,1,benchmark,291.00529074,106.25761392300001,500.68,2753490944
fabric,1,benchmark,291.255622895,106.50794607799997,501.46,2753626112
fabric,1,benchmark,291.505947369,106.758270552,502.26,2753703936
fabric,1,benchmark,291.756431091,107.00875427400001,503.65,2753724416
fabric,1,benchmark,292.006946864,107.25927004699997,505.1,2753728512
fabric,1,benchmark,292.257396194,107.50971937700001,506.09,2753736704
fabric,1,benchmark,292.507599343,107.75992252599997,507.02,2753740800
fabric,1,benchmark,292.758027532,108.01035071500002,507.97,2753740800
fabric,1,benchmark,293.008101215,108.260424398,508.44,2753740800
fabric,1,benchmark,293.25843803,108.51076121299997,509.12,2753740800
fabric,1,benchmark,293.508866119,108.76118930199999,510.74,2753822720
fabric,1,benchmark,293.758827797,109.01115097999997,510.99,2753822720
fabric,1,benchmark,294.009312519,109.26163570199998,511.28,2753822720
fabric,1,benchmark,294.259768489,109.512091672,512.55,2753830912
fabric,1,benchmark,294.510110314,109.76243349699996,513.57,2753847296
fabric,1,benchmark,294.760488511,110.01281169399999,514.75,2753851392
fabric,1,benchmark,295.010932871,110.26325605400001,515.76,2753925120
fabric,1,benchmark,295.261456734,110.51377991699997,516.6,2753925120
fabric,1,benchmark,295.511709415,110.76403259799997,518.01,2753986560
fabric,1,benchmark,295.761898393,111.01422157600001,518.8,2753994752
fabric,1,benchmark,296.012371934,111.26469511699997,520.17,2754011136
fabric,1,benchmark,296.262529961,111.51485314399997,520.96,2754011136
fabric,1,benchmark,296.515427663,111.76775084600001,521.98,2754011136
fabric,1,benchmark,296.765432513,112.017755696,523.21,2754035712
fabric,1,benchmark,297.015900603,112.26822378599996,524.91,2754064384
fabric,1,benchmark,297.266035809,112.518358992,525.34,2754072576
fabric,1,benchmark,297.521506829,112.77383001199996,526.51,2754113536
fabric,1,benchmark,297.76718007,113.01950325299998,527.73,2754146304
fabric,1,benchmark,298.017635661,113.26995884399997,529.25,2754150400
fabric,1,benchmark,298.268980251,113.521303434,530.5,2754183168
fabric,1,benchmark,298.519041344,113.771364527,531.27,2754207744
fabric,1,benchmark,298.769980806,114.02230398899997,533.45,2754269184
fabric,1,benchmark,299.020105251,114.272428434,534.25,2754289664
fabric,1,benchmark,299.270640225,114.52296340800001,535.26,2754289664
fabric,1,benchmark,299.520943048,114.77326623099998,536.94,2754338816
fabric,1,benchmark,299.771364197,115.02368738000001,538.16,2754347008
fabric,1,benchmark,300.023744215,115.27606739800001,538.98,2754363392
fabric,1,benchmark,300.272392082,115.524715265,540.43,2754367488
fabric,1,benchmark,300.522469515,115.774792698,541.21,2754367488
fabric,1,benchmark,300.772825461,116.02514864400001,542.47,2754383872
fabric,1,benchmark,301.022999148,116.27532233099998,542.94,2754387968
fabric,1,benchmark,301.273311982,116.52563516499998,543.85,2754387968
fabric,1,benchmark,301.523576373,116.77589955600001,544.36,2754392064
fabric,1,benchmark,301.774087836,117.02641101899997,545.4,2754416640
fabric,1,benchmark,302.024440901,117.27676408399998,546.31,2754420736
fabric,1,benchmark,302.27529642,117.527619603,546.57,2754420736
fabric,1,benchmark,302.525730119,117.77805330199999,547.65,2754424832
fabric,1,benchmark,302.775735968,118.02805915099998,548.97,2754449408
fabric,1,benchmark,303.025931417,118.27825459999997,549.47,2754449408
fabric,1,benchmark,303.276342355,118.52866553799998,552.13,2754465792
fabric,1,benchmark,303.526654888,118.77897807099998,552.52,2754465792
fabric,1,benchmark,303.777098178,119.029421361,553.38,2754490368
fabric,1,benchmark,304.027336948,119.27966013100001,554.14,2754494464
fabric,1,benchmark,304.277301656,119.52962483900001,554.39,2754494464
fabric,1,benchmark,304.527863251,119.78018643399997,555.18,2754502656
fabric,1,benchmark,304.77809557,120.03041875299999,556,2754502656
fabric,1,benchmark,305.028406804,120.28072998699997,557.22,2754506752
fabric,1,benchmark,305.278743269,120.531066452,558.96,2754506752
fabric,1,benchmark,305.528939187,120.78126236999998,560.3,2754527232
fabric,1,benchmark,305.779293932,121.03161711499996,561.04,2754531328
fabric,1,benchmark,306.029446828,121.28177001099999,562.13,2754605056
fabric,1,benchmark,306.282971619,121.53529480200001,563.34,2754605056
fabric,1,benchmark,306.530128758,121.78245194099998,564.35,2754613248
fabric,1,benchmark,306.780377809,122.032700992,565.59,2754613248
fabric,1,benchmark,307.030833449,122.28315663199999,566.99,2754617344
fabric,1,benchmark,307.281180694,122.53350387699999,567.75,2754658304
fabric,1,benchmark,307.531425934,122.78374911700001,568.87,2754662400
fabric,1,benchmark,307.78201647,123.03433965299996,569.82,2754666496
fabric,1,benchmark,308.032297452,123.28462063500001,571.16,2754678784
fabric,1,benchmark,308.282466349,123.53478953199999,572.64,2754711552
fabric,1,benchmark,308.532706769,123.785029952,573.46,2754711552
fabric,1,benchmark,308.782801153,124.03512433599997,574.25,2754715648
fabric,1,benchmark,309.033817668,124.28614085099997,575.34,2754715648
fabric,1,benchmark,309.284771071,124.53709425400001,577.29,2754719744
fabric,1,benchmark,309.533426609,124.78574979199999,577.72,2754727936
fabric,1,benchmark,309.783749073,125.03607225600001,578.84,2754760704
fabric,1,benchmark,310.034065846,125.28638902899996,579.42,2754965504
fabric,1,benchmark,310.284255694,125.53657887700001,580.47,2755129344
fabric,1,benchmark,310.534437031,125.78676021399997,581.2,2755133440
fabric,1,benchmark,310.784782846,126.03710602899997,582.3,2755137536
fabric,1,benchmark,311.036232142,126.288555325,583.36,2755153920
fabric,1,benchmark,311.285472446,126.53779562900002,584.66,2755153920
fabric,1,benchmark,311.535770208,126.78809339099996,585.56,2755153920
fabric,1,benchmark,311.785919144,127.03824232699998,586.35,2755153920
fabric,1,benchmark,312.036601165,127.28892434799997,587.39,2755170304
fabric,1,benchmark,312.286820364,127.53914354699998,588.27,2754949120
fabric,1,benchmark,312.537168399,127.78949158199998,589.76,2754949120
fabric,1,benchmark,312.787475142,128.039798325,591.28,2754965504
fabric,1,benchmark,313.037801446,128.290124629,592.23,2754965504
fabric,1,benchmark,313.288298457,128.54062163999998,593.43,2754977792
fabric,1,benchmark,313.538888903,128.79121208599997,594.2,2754981888
fabric,1,benchmark,313.788767977,129.04109116,595.58,2755002368
fabric,1,benchmark,314.039117892,129.29144107499997,596.38,2755010560
fabric,1,benchmark,314.289556741,129.541879924,597.46,2755031040
fabric,1,benchmark,314.53977218,129.792095363,598.55,2755035136
fabric,1,benchmark,314.790091493,130.04241467599996,599.68,2755100672
fabric,1,benchmark,315.040478169,130.29280135199997,600.69,2755117056
fabric,1,benchmark,315.290790072,130.54311325499998,601.77,2755162112
fabric,1,benchmark,315.54097552,130.793298703,604.07,2755174400
fabric,1,benchmark,315.790907996,131.04323117899997,604.58,2755174400
fabric,1,benchmark,316.041342915,131.29366609799996,605.77,2755198976
fabric,1,benchmark,316.291818375,131.54414155799998,606.74,2755211264
fabric,1,benchmark,316.541963601,131.794286784,607.18,2755215360
fabric,1,benchmark,316.792435631,132.04475881399998,608.26,2755215360
fabric,1,benchmark,317.042583117,132.29490629999998,610.25,2755215360
fabric,1,benchmark,317.295779702,132.548102885,611.25,2755215360
fabric,1,benchmark,317.546038223,132.79836140599997,612.25,2755215360
fabric,1,benchmark,317.797887947,133.05021112999998,612.91,2755227648
fabric,1,benchmark,318.048712993,133.30103617599997,614.39,2755239936
fabric,1,benchmark,318.299176613,133.55149979599997,615.67,2755264512
fabric,1,benchmark,318.54956685,133.801890033,616.73,2755264512
fabric,1,benchmark,318.799894404,134.05221758699997,617.98,2755264512
fabric,1,benchmark,319.049863262,134.30218644499996,618.75,2755268608
fabric,1,benchmark,319.300267109,134.552590292,619.66,2755268608
fabric,1,benchmark,319.550456986,134.80278016899996,620.53,2755268608
fabric,1,benchmark,319.801029062,135.05335224499999,621.96,2755284992
fabric,1,benchmark,320.050852632,135.30317581499997,623.4,2755321856
fabric,1,benchmark,320.301369335,135.553692518,623.91,2755321856
fabric,1,benchmark,320.551791243,135.804114426,624.83,2755506176
fabric,1,benchmark,320.802915613,136.05523879599997,625.84,2755526656
fabric,1,benchmark,321.053205055,136.30552823799997,628.05,2755633152
fabric,1,benchmark,321.303462166,136.55578534899996,628.73,2755633152
fabric,1,benchmark,321.553935166,136.80625834899996,630.26,2755674112
fabric,1,benchmark,321.804118374,137.05644155699997,631.13,2755678208
fabric,1,benchmark,322.054439447,137.30676262999998,631.92,2755678208
fabric,1,benchmark,322.304975791,137.557298974,632.64,2755678208
fabric,1,benchmark,322.555917492,137.80824067499998,633.55,2755702784
fabric,1,benchmark,322.80611869,138.058441873,634.5,2755846144
fabric,1,benchmark,323.056541038,138.30886422099996,634.89,2755846144
fabric,1,benchmark,323.306905134,138.55922831699996,635.78,2755846144
fabric,1,benchmark,323.557029128,138.809352311,636.32,2755846144
fabric,1,benchmark,323.807566172,139.059889355,637.12,2755858432
fabric,1,benchmark,324.057740228,139.310063411,638,2755878912
fabric,1,benchmark,324.3078031,139.560126283,638.34,2755883008
fabric,1,benchmark,324.558379095,139.810702278,639.05,2755891200
fabric,1,benchmark,324.8085113,140.060834483,639.54,2755891200
fabric,1,benchmark,325.05898359,140.311306773,640.12,2755891200
fabric,1,benchmark,325.309292893,140.561616076,641.51,2755915776
fabric,1,benchmark,325.55968319,140.81200637299997,641.97,2755928064
fabric,1,benchmark,325.809704789,141.062027972,642.9,2755952640
fabric,1,benchmark,326.059914758,141.31223794099998,643.95,2756005888
fabric,1,benchmark,326.310354907,141.56267808999996,644.65,2756050944
fabric,1,benchmark,326.560538784,141.812861967,645.3,2756055040
fabric,1,benchmark,326.811082137,142.06340532000002,646.08,2756055040
fabric,1,benchmark,327.061040114,142.31336329699997,647.59,2756083712
fabric,1,benchmark,327.311398209,142.563721392,648.95,2756083712
fabric,1,benchmark,327.561930152,142.814253335,649.85,2756091904
fabric,1,benchmark,327.812864754,143.06518793699996,650.87,2756091904
fabric,1,benchmark,328.063146065,143.315469248,652.18,2756104192
fabric,1,benchmark,328.315339114,143.56766229699997,653.07,2756104192
fabric,1,benchmark,328.565164755,143.817487938,653.88,2756112384
fabric,1,benchmark,328.816723985,144.069047168,655.61,2756120576
fabric,1,benchmark,329.067004266,144.319327449,656.14,2756120576
fabric,1,benchmark,329.318806878,144.57113006099996,656.93,2756120576
fabric,1,benchmark,329.567965708,144.82028889099996,657.59,2756120576
fabric,1,benchmark,329.819616512,145.07193969499997,658.65,2756153344
fabric,1,benchmark,330.068265549,145.32058873199998,659.22,2756153344
fabric,1,benchmark,330.318778051,145.57110123399997,660.23,2756153344
fabric,1,benchmark,330.569316084,145.82163926699997,661.3,2756173824
fabric,1,benchmark,330.819244289,146.07156747199997,661.92,2756173824
fabric,1,benchmark,331.069631025,146.32195420799997,663.45,2756177920
fabric,1,benchmark,331.319877235,146.57220041799997,664.37,2756177920
fabric,1,benchmark,331.570126635,146.822449818,665.07,2756190208
fabric,1,benchmark,331.820406227,147.07272940999997,666.04,2756190208
fabric,1,benchmark,332.070665017,147.3229882,666.29,2756190208
fabric,1,benchmark,332.320797272,147.57312045499998,666.84,2756190208
fabric,1,benchmark,332.571048782,147.82337196499998,668.02,2756210688
fabric,1,benchmark,332.821487871,148.07381105399998,669.94,2756243456
fabric,1,benchmark,333.073953052,148.32627623499997,670.59,2756243456
fabric,1,benchmark,333.325291682,148.577614865,671.44,2756251648
fabric,1,benchmark,333.574930814,148.827253997,673.06,2756268032
fabric,1,benchmark,333.82510651,149.077429693,674.28,2756304896
fabric,1,benchmark,334.075454115,149.327777298,675.47,2756313088
fabric,1,benchmark,334.32735215,149.579675333,676.66,2756349952
fabric,1,benchmark,334.575945754,149.82826893699996,677.63,2756358144
fabric,1,benchmark,334.826262927,150.07858611,678.56,2756358144
fabric,1,benchmark,335.076577,150.32890018299997,679.39,2756358144
fabric,1,benchmark,335.326726596,150.579049779,680.81,2756411392
fabric,1,benchmark,335.576967905,150.829291088,681.92,2756415488
fabric,1,benchmark,335.827180693,151.079503876,682.91,2756415488
fabric,1,benchmark,336.077623482,151.32994666499997,683.99,2756440064
fabric,1,benchmark,336.328017879,151.580341062,684.91,2756440064
fabric,1,benchmark,336.578269249,151.830592432,686.4,2756452352
fabric,1,benchmark,336.828278717,152.08060189999998,686.73,2756452352
fabric,1,benchmark,337.079136725,152.331459908,688.11,2756481024
fabric,1,benchmark,337.329099282,152.581422465,688.48,2756481024
fabric,1,benchmark,337.579583343,152.831906526,689.46,2756481024
fabric,1,benchmark,337.829899105,153.08222228799997,690.36,2756505600
fabric,1,benchmark,338.080175397,153.33249858,691.2,2756505600
fabric,1,benchmark,338.330351853,153.582675036,692.12,2756509696
fabric,1,benchmark,338.580507739,153.83283092199997,692.76,2756509696
fabric,1,benchmark,338.830827312,154.08315049499998,693.85,2756538368
fabric,1,benchmark,339.08104642,154.333369603,694.3,2756538368
fabric,1,benchmark,339.331412785,154.58373596799998,695.14,2756542464
fabric,1,benchmark,339.581657125,154.83398030799998,695.96,2756575232
fabric,1,benchmark,339.831841022,155.08416420499998,696.77,2756579328
fabric,1,benchmark,340.081987457,155.33431064,697.95,2756583424
fabric,1,benchmark,340.332284039,155.584607222,698.54,2756608000
fabric,1,benchmark,340.58234164,155.83466482299997,698.8,2756608000
fabric,1,benchmark,340.832891183,156.085214366,700.3,2756612096
fabric,1,benchmark,341.083021977,156.33534515999997,700.56,2756612096
fabric,1,benchmark,341.333580881,156.58590406399998,701.03,2756624384
fabric,1,benchmark,341.583764037,156.83608721999997,701.71,2756624384
fabric,1,benchmark,341.833881272,157.08620445499997,702.71,2756624384
fabric,1,benchmark,342.084151742,157.336474925,703.54,2756632576
fabric,1,benchmark,342.334635613,157.58695879599998,704.7,2756661248
fabric,1,benchmark,342.584817039,157.83714022199996,705.23,2756665344
fabric,1,benchmark,342.835276539,158.087599722,706.58,2756681728
fabric,1,benchmark,343.085408743,158.337731926,706.99,2756685824
fabric,1,benchmark,343.335797999,158.588121182,708.22,2756685824
fabric,1,benchmark,343.585820859,158.838144042,708.6,2756685824
fabric,1,benchmark,343.836677086,159.089000269,708.99,2756685824
fabric,1,benchmark,344.086607171,159.338930354,709.99,2756710400
fabric,1,benchmark,344.336991817,159.589315,711.56,2756718592
fabric,1,benchmark,344.586962334,159.839285517,711.82,2756718592
fabric,1,benchmark,344.837234945,160.08955812799996,712.23,2756718592
fabric,1,benchmark,345.087638041,160.33996122399998,713.58,2756747264
fabric,1,benchmark,345.337590828,160.58991401099996,713.84,2756747264
fabric,1,benchmark,345.588247806,160.840570989,714.79,2756747264
fabric,1,benchmark,345.838465534,161.090788717,715.54,2756775936
fabric,1,benchmark,346.088572927,161.34089610999996,715.95,2756775936
fabric,1,benchmark,346.339028646,161.59135182899996,716.75,2756775936
fabric,1,benchmark,346.589276146,161.84159932899996,718.29,2756796416
fabric,1,benchmark,346.839651921,162.09197510399997,718.83,2756796416
fabric,1,benchmark,347.089951493,162.342274676,719.79,2756796416
fabric,1,benchmark,347.340262856,162.59258603899997,720.34,2756796416
fabric,1,benchmark,347.59060753,162.842930713,721.56,2756825088
fabric,1,benchmark,347.840818108,163.093141291,722.35,2756825088
fabric,1,benchmark,348.091542089,163.34386527199996,723.15,2756861952
fabric,1,benchmark,348.341719365,163.594042548,723.97,2756861952
fabric,1,benchmark,348.594143974,163.846467157,724.31,2756919296
fabric,1,benchmark,348.842321599,164.094644782,725.17,2756919296
fabric,1,benchmark,349.09237331,164.34469649300001,726.02,2756919296
fabric,1,benchmark,349.342808788,164.595131971,726.98,2756923392
fabric,1,benchmark,349.593153562,164.84547674499998,727.87,2756976640
fabric,1,benchmark,349.843358079,165.09568126199997,728.54,2756976640
fabric,1,benchmark,350.093501304,165.34582448699996,729.37,2756976640
fabric,1,benchmark,350.343719232,165.596042415,730.17,2756976640
fabric,1,benchmark,350.594054916,165.846378099,730.63,2757033984
fabric,1,benchmark,350.844292595,166.096615778,731.86,2757033984
fabric,1,benchmark,351.094503932,166.346827115,732.11,2757033984
fabric,1,benchmark,351.344559753,166.596882936,732.99,2757091328
fabric,1,benchmark,351.594836004,166.847159187,733.33,2757091328
fabric,1,benchmark,351.845167437,167.09749061999997,734.35,2757099520
fabric,1,benchmark,352.095311702,167.347634885,734.61,2757099520
fabric,1,benchmark,352.345815003,167.59813818599997,735.24,2757107712
fabric,1,benchmark,352.596181408,167.848504591,736.45,2757107712
fabric,1,benchmark,352.846158345,168.09848152799998,736.87,2757107712
fabric,1,benchmark,353.096672917,168.34899609999997,737.43,2757124096
fabric,1,benchmark,353.346735838,168.59905902099996,738.18,2757124096
fabric,1,benchmark,353.597395466,168.849718649,738.83,2757124096
fabric,1,benchmark,353.848531256,169.100854439,739.57,2757181440
fabric,1,benchmark,354.09866789,169.350991073,739.83,2757181440
fabric,1,benchmark,354.349217354,169.601540537,740.77,2757185536
fabric,1,benchmark,354.599526366,169.851849549,741.73,2757255168
fabric,1,benchmark,354.849623368,170.10194655099997,742.22,2757255168
fabric,1,benchmark,355.100182592,170.352505775,743.35,2757255168
fabric,1,benchmark,355.350208941,170.602532124,743.83,2757255168
fabric,1,benchmark,355.600544904,170.852868087,744.37,2757300224
fabric,1,benchmark,355.850722561,171.10304574399999,744.91,2757300224
fabric,1,benchmark,356.100640415,171.35296359799997,745.63,2757300224
fabric,1,benchmark,356.351264221,171.603587404,746.41,2757300224
fabric,1,benchmark,356.601410706,171.853733889,747.29,2757320704
fabric,1,benchmark,356.85175003,172.104073213,748.29,2757320704
fabric,1,benchmark,357.102031171,172.354354354,749.2,2757320704
fabric,1,benchmark,357.352264789,172.604587972,750.46,2757337088
fabric,1,benchmark,357.602628134,172.85495131699997,751.19,2757337088
fabric,1,benchmark,357.852750897,173.10507408,752.54,2757369856
fabric,1,benchmark,358.102749295,173.355072478,753.26,2757369856
fabric,1,benchmark,358.355756171,173.60807935399998,754.26,2757382144
fabric,1,benchmark,358.603457854,173.85578103699999,755.12,2757382144
fabric,1,benchmark,358.853755305,174.10607848799998,756.28,2757382144
fabric,1,benchmark,359.103726852,174.356050035,757.37,2757382144
fabric,1,benchmark,359.35481137,174.60713455299998,758.64,2757410816
fabric,1,benchmark,359.604940603,174.85726378599998,759.7,2757410816
fabric,1,benchmark,359.85534254,175.10766572299997,760.76,2757423104
fabric,1,benchmark,360.105438222,175.35776140499996,761.23,2757423104
fabric,1,benchmark,360.355333655,175.60765683799997,762.38,2757427200
fabric,1,benchmark,360.605625577,175.85794876,763.18,2757427200
fabric,1,benchmark,360.856022303,176.10834548599996,763.96,2757468160
fabric,1,benchmark,361.10601543,176.358338613,765.18,2757500928
fabric,1,benchmark,361.356465169,176.60878835199998,766.26,2757509120
fabric,1,benchmark,361.606529149,176.85885233199997,766.92,2757513216
fabric,1,benchmark,361.856945776,177.10926895899996,768,2757513216
fabric,1,benchmark,362.106936874,177.35926005699997,768.8,2757513216
fabric,1,benchmark,362.35776008,177.61008326299998,769.83,2757554176
fabric,1,benchmark,362.607482325,177.85980550799997,770.53,2757554176
fabric,1,benchmark,362.862949583,178.11527276599998,771.77,2757558272
fabric,1,benchmark,363.108456185,178.360779368,772.51,2757578752
fabric,1,benchmark,363.358583949,178.61090713199997,773.45,2757582848
fabric,1,benchmark,363.608949743,178.86127292599997,774.64,2757615616
fabric,1,benchmark,363.861889405,179.114212588,775.34,2757697536
fabric,1,benchmark,364.109657781,179.361980964,776.26,2757697536
fabric,1,benchmark,364.359993544,179.612316727,777.55,2757697536
fabric,1,benchmark,364.610211582,179.86253476499996,779.06,2757738496
fabric,1,benchmark,364.863254849,180.11557803199997,780.27,2757750784
fabric,1,benchmark,365.111059557,180.36338273999996,781.34,2757779456
fabric,1,benchmark,365.360943159,180.61326634199997,781.97,2757779456
fabric,1,benchmark,365.611385147,180.86370833,783.29,2757820416
fabric,1,benchmark,365.86148597,181.11380915299998,784.15,2757820416
fabric,1,benchmark,366.114241574,181.366564757,785.14,2757820416
fabric,1,benchmark,366.36180673,181.614129913,785.76,2757820416
fabric,1,benchmark,366.612152053,181.86447523599998,787.33,2759098368
fabric,1,benchmark,366.8625511,182.114874283,789.13,2766450688
fabric,1,benchmark,367.112535967,182.36485914999997,790.37,2766450688
fabric,1,benchmark,367.365403896,182.61772707899996,791.59,2766602240
fabric,1,benchmark,367.615689326,182.86801250899998,792.51,2766602240
fabric,1,benchmark,367.86604137,183.118364553,793.2,2766602240
fabric,1,benchmark,368.116032878,183.368356061,794.65,2766606336
fabric,1,benchmark,368.366282797,183.61860597999998,795.2,2766606336
fabric,1,benchmark,368.616281924,183.868605107,795.48,2766606336
fabric,1,benchmark,368.866803626,184.11912680899997,796.28,2766614528
fabric,1,benchmark,369.117074326,184.369397509,797.51,2766614528
fabric,1,benchmark,369.367128066,184.619451249,798.87,2766614528
fabric,1,benchmark,369.617576764,184.86989994699996,799.98,2766614528
fabric,1,benchmark,369.867558231,185.11988141399996,800.58,2766622720
fabric,1,benchmark,370.117888644,185.370211827,801.97,2766815232
fabric,1,benchmark,370.368128843,185.620452026,802.25,2766815232
fabric,1,benchmark,370.618293588,185.87061677099996,803.38,2766815232
fabric,1,benchmark,370.868747496,186.121070679,804.37,2766815232
fabric,1,benchmark,371.118957254,186.371280437,805.24,2766815232
fabric,1,benchmark,371.37067322,186.622996403,806.35,2766819328
fabric,1,benchmark,371.619679932,186.87200311499998,807.93,2766823424
fabric,1,benchmark,371.870043816,187.122366999,809.15,2766839808
fabric,1,benchmark,372.119926739,187.37224992199998,809.97,2766839808
fabric,1,benchmark,372.370538304,187.62286148699997,811.03,2766839808
fabric,1,benchmark,372.620858157,187.87318133999997,811.8,2766839808
fabric,1,benchmark,372.871061854,188.123385037,813.24,2766934016
fabric,1,benchmark,373.121395127,188.37371831000002,815.03,2777391104
fabric,1,benchmark,373.373379695,188.62570287799997,815.95,2777391104
fabric,1,benchmark,373.622039711,188.874362894,817.39,2787274752
fabric,1,benchmark,373.872308361,189.124631544,819.02,2787684352
fabric,1,benchmark,374.122746109,189.37506929199998,819.78,2787692544
fabric,1,benchmark,374.373161006,189.62548418899996,821.03,2787696640
fabric,1,benchmark,374.623732049,189.876055232,821.84,2787696640
fabric,1,benchmark,374.873562609,190.12588579199996,823.34,2787704832
fabric,1,benchmark,375.123732225,190.376055408,824.36,2787704832
fabric,1,benchmark,375.374000615,190.626323798,825.68,2787704832
fabric,1,benchmark,375.624092206,190.876415389,826.72,2787774464
fabric,1,benchmark,375.874464741,191.12678792399998,828.09,2787778560
fabric,1,benchmark,376.124918429,191.37724161199998,829.52,2790301696
fabric,1,benchmark,376.375512834,191.627836017,830.97,2791055360
fabric,1,benchmark,376.625929661,191.87825284399997,832.65,2791112704
fabric,1,benchmark,376.876309906,192.128633089,833.89,2791112704
fabric,1,benchmark,377.127938328,192.38026151100001,835.9,2792845312
fabric,1,benchmark,377.38153973,192.63386291299997,836.71,2792849408
fabric,1,benchmark,377.631943606,192.88426678899998,837.77,2792849408
fabric,1,benchmark,377.891131354,193.14345453699997,839.43,2792857600
fabric,1,benchmark,378.141423635,193.393746818,840.45,2792857600
fabric,1,benchmark,378.391712766,193.644035949,841.46,2792857600
fabric,1,benchmark,378.642023007,193.89434618999996,842.65,2792861696
fabric,1,benchmark,378.892383191,194.144706374,844.04,2792861696
fabric,1,benchmark,379.142594259,194.394917442,844.96,2792878080
fabric,1,benchmark,379.392977624,194.645300807,846.28,2792882176
fabric,1,benchmark,379.643073936,194.895397119,847.1,2792882176
fabric,1,benchmark,379.896737561,195.149060744,848.4,2792935424
fabric,1,benchmark,380.146883215,195.399206398,849.42,2792951808
fabric,1,benchmark,380.397120573,195.64944375599998,850.52,2792951808
fabric,1,benchmark,380.647525509,195.89984869199998,851.9,2792964096
fabric,1,benchmark,380.897975757,196.15029893999997,853.5,2792968192
fabric,1,benchmark,381.147762315,196.400085498,854.41,2792980480
fabric,1,benchmark,381.398429933,196.65075311599998,856.09,2792980480
fabric,1,benchmark,381.648593618,196.900916801,857.06,2792980480
fabric,1,benchmark,381.898883039,197.15120622199998,857.89,2792980480
fabric,1,benchmark,382.149168199,197.40149138199996,859.02,2792984576
fabric,1,benchmark,382.399627868,197.65195105099997,860.07,2792988672
fabric,1,benchmark,382.649783652,197.90210683499998,861.29,2792919040
fabric,1,benchmark,382.899917316,198.15224049900002,862.3,2792919040
fabric,1,benchmark,383.150386705,198.402709888,863.91,2792960000
fabric,1,benchmark,383.40055401,198.652877193,864.5,2792960000
fabric,1,benchmark,383.650980357,198.90330353999997,865.78,2792960000
fabric,1,benchmark,383.901205174,199.15352835699997,866.98,2792968192
fabric,1,benchmark,384.151537287,199.40386046999998,868.33,2792984576
fabric,1,benchmark,384.401612938,199.65393612100002,869.08,2793017344
fabric,1,benchmark,384.652016704,199.904339887,870.66,2793041920
fabric,1,benchmark,384.902337196,200.154660379,871.55,2793046016
fabric,1,benchmark,385.152572684,200.404895867,872.75,2793082880
fabric,1,benchmark,385.402890996,200.65521417899998,873.64,2793086976
fabric,1,benchmark,385.65326128,200.90558446299997,874.73,2793095168
fabric,1,benchmark,385.903692878,201.156016061,876.32,2793127936
fabric,1,benchmark,386.153929676,201.406252859,876.76,2793127936
fabric,1,benchmark,386.404209096,201.65653227899998,878.01,2793127936
fabric,1,benchmark,386.654447734,201.90677091699996,878.31,2793127936
fabric,1,benchmark,386.904752896,202.15707607899998,879.03,2793127936
fabric,1,benchmark,387.154961122,202.40728430499996,880.97,2793222144
fabric,1,benchmark,387.405322576,202.657645759,882.29,2793279488
fabric,1,benchmark,387.657963334,202.91028651699997,883.49,2793279488
fabric,1,benchmark,387.906797198,203.15912038099998,884.9,2793287680
fabric,1,benchmark,388.157264027,203.40958720999998,885.91,2793295872
fabric,1,benchmark,388.407546147,203.65986933,886.44,2793295872
fabric,1,benchmark,388.657849209,203.910172392,887.62,2793320448
fabric,1,benchmark,388.907810754,204.160133937,888.67,2793324544
fabric,1,benchmark,389.158109075,204.41043225800001,889.82,2793324544
fabric,1,benchmark,389.408551673,204.66087485599996,890.72,2793336832
fabric,1,benchmark,389.658808842,204.91113202499997,891.51,2793336832
fabric,1,benchmark,389.908961066,205.161284249,892.03,2793336832
fabric,1,benchmark,390.159368952,205.411692135,892.89,2793340928
fabric,1,benchmark,390.409543757,205.66186693999998,893.29,2793340928
fabric,1,benchmark,390.659942783,205.912265966,894.24,2793349120
fabric,1,benchmark,390.912544779,206.16486796199996,894.8,2793349120
fabric,1,benchmark,391.160729423,206.413052606,895.68,2793349120
fabric,1,benchmark,391.410880017,206.6632032,896.74,2793349120
fabric,1,benchmark,391.661050072,206.913373255,897.61,2793365504
fabric,1,benchmark,391.911412256,207.163735439,898.91,2793369600
fabric,1,benchmark,392.161752429,207.41407561199998,900.12,2793369600
fabric,1,benchmark,392.411971266,207.664294449,901.15,2793385984
fabric,1,benchmark,392.662373392,207.914696575,902.14,2793385984
fabric,1,benchmark,392.912569078,208.16489226099998,904.19,2795008000
fabric,1,benchmark,393.162896,208.41521918299998,905.4,2795016192
fabric,1,benchmark,393.413263994,208.66558717699996,907.43,2806226944
fabric,1,benchmark,393.663480401,208.915803584,908.12,2806226944
fabric,1,benchmark,393.918090589,209.17041377199996,909.49,2806272000
fabric,1,benchmark,394.16771395,209.420037133,910.54,2806272000
fabric,1,benchmark,394.417885075,209.670208258,911.72,2806284288
fabric,1,benchmark,394.668368514,209.920691697,912.69,2806312960
fabric,1,benchmark,394.918639453,210.170962636,913.84,2806312960
fabric,1,benchmark,395.170115547,210.42243873,915.05,2806337536
fabric,1,benchmark,395.419957908,210.672281091,915.96,2806337536
fabric,1,benchmark,395.671482275,210.923805458,916.64,2806345728
fabric,1,benchmark,395.920845393,211.17316857599997,918.3,2806378496
fabric,1,benchmark,396.1710596,211.42338278299997,918.98,2806378496
fabric,1,benchmark,396.421308698,211.673631881,920.55,2806390784
fabric,1,benchmark,396.671566797,211.92388998,922.05,2806398976
fabric,1,benchmark,396.921985203,212.174308386,922.9,2806398976
fabric,1,benchmark,397.1724024,212.424725583,924,2806398976
fabric,1,benchmark,397.422503871,212.674827054,925.25,2806403072
fabric,1,benchmark,397.672613014,212.92493619699997,925.96,2806403072
fabric,1,benchmark,397.923516682,213.175839865,927.34,2806403072
fabric,1,benchmark,398.173615484,213.42593866699997,928.36,2806403072
fabric,1,benchmark,398.423786219,213.676109402,929.18,2806403072
fabric,1,benchmark,398.674037917,213.9263611,930.09,2806415360
fabric,1,benchmark,398.924483865,214.176807048,931.26,2806415360
fabric,1,benchmark,399.177300901,214.429624084,932.46,2806423552
fabric,1,benchmark,399.424814984,214.677138167,933.36,2806431744
fabric,1,benchmark,399.675202509,214.92752569199996,934.49,2806431744
fabric,1,benchmark,399.925404405,215.17772758799998,935.74,2806452224
fabric,1,benchmark,400.17579051,215.428113693,936.96,2806452224
fabric,1,benchmark,400.425839199,215.67816238199998,937.72,2806456320
fabric,1,benchmark,400.676619062,215.92894224499997,939.03,2806517760
fabric,1,benchmark,400.926546836,216.178870019,939.39,2806538240
fabric,1,benchmark,401.176859567,216.42918275,940.67,2806554624
fabric,1,benchmark,401.427167478,216.679490661,942.35,2806636544
fabric,1,benchmark,401.67748942,216.92981260299996,943.29,2806636544
fabric,1,benchmark,401.927733428,217.180056611,944.28,2806636544
fabric,1,benchmark,402.177967336,217.43029051899998,945.29,2806693888
fabric,1,benchmark,402.428325789,217.68064897199997,946.39,2806693888
fabric,1,benchmark,402.680332558,217.93265574099996,947.19,2806730752
fabric,1,benchmark,402.928755893,218.181079076,948.26,2806738944
fabric,1,benchmark,403.179076995,218.431400178,948.97,2806738944
fabric,1,benchmark,403.429493851,218.681817034,950.34,2806792192
fabric,1,benchmark,403.679718998,218.93204218099999,951.1,2806792192
fabric,1,benchmark,403.929847131,219.18217031399996,951.76,2806792192
fabric,1,benchmark,404.18033557,219.432658753,952.65,2806792192
fabric,1,benchmark,404.430513096,219.682836279,953.86,2806874112
fabric,1,benchmark,404.680726922,219.933050105,955.03,2806874112
fabric,1,benchmark,404.930928209,220.183251392,956.2,2806890496
fabric,1,benchmark,405.181267791,220.43359097399997,957.17,2806890496
fabric,1,benchmark,405.431505079,220.68382826199996,958.34,2806923264
fabric,1,benchmark,405.681634472,220.93395765499997,959.43,2806923264
fabric,1,benchmark,405.931988645,221.18431182799998,960.18,2806923264
fabric,1,benchmark,406.182509296,221.43483247899997,961.63,2806976512
fabric,1,benchmark,406.433917537,221.68624072,962.64,2806984704
fabric,1,benchmark,406.684182076,221.936505259,964.05,2807132160
fabric,1,benchmark,406.934374112,222.186697295,964.77,2807164928
fabric,1,benchmark,407.184554857,222.43687804,965.99,2807238656
fabric,1,benchmark,407.435255836,222.687579019,966.6,2807238656
fabric,1,benchmark,407.686610615,222.938933798,968.23,2807304192
fabric,1,benchmark,407.936509137,223.18883231999996,969.74,2807316480
fabric,1,benchmark,408.186991466,223.43931464899998,970.92,2807357440
fabric,1,benchmark,408.437538718,223.68986190099997,972.2,2807386112
fabric,1,benchmark,408.687901512,223.94022469499998,973.26,2807386112
fabric,1,benchmark,408.938048905,224.190372088,974.84,2807406592
fabric,1,benchmark,409.188408229,224.440731412,975.86,2807406592
fabric,1,benchmark,409.438611715,224.69093489799997,977.07,2807431168
fabric,1,benchmark,409.689087674,224.941410857,977.93,2807431168
fabric,1,benchmark,409.938965765,225.19128894799996,979.1,2807451648
fabric,1,benchmark,410.189069076,225.441392259,979.8,2807451648
fabric,1,benchmark,410.439467802,225.691790985,980.51,2807451648
fabric,1,benchmark,410.689879937,225.94220312,981.44,2807455744
fabric,1,benchmark,410.940558545,226.19288172799997,982.71,2807459840
fabric,1,benchmark,411.191775348,226.444098531,984.09,2807459840
fabric,1,benchmark,411.441031651,226.693354834,984.86,2807459840
fabric,1,benchmark,411.692305256,226.94462843899998,985.91,2807504896
fabric,1,benchmark,411.942366065,227.19468924799997,986.86,2807504896
fabric,1,benchmark,412.192522209,227.444845392,987.75,2807508992
fabric,1,benchmark,412.443845317,227.6961685,988.86,2807508992
fabric,1,benchmark,412.694193179,227.946516362,990.15,2807590912
fabric,1,benchmark,412.946041061,228.198364244,991.63,2807607296
fabric,1,benchmark,413.194725477,228.44704866,992.88,2807635968
fabric,1,benchmark,413.444982886,228.69730606899998,993.89,2807635968
fabric,1,benchmark,413.695440234,228.94776341699998,995.04,2807664640
fabric,1,benchmark,413.94695375,229.19927693299996,996.49,2807664640
fabric,1,benchmark,414.19614666,229.448469843,997.22,2807685120
fabric,1,benchmark,414.446238431,229.69856161399997,998.54,2807685120
fabric,1,benchmark,414.696471788,229.94879497099998,999.84,2807701504
fabric,1,benchmark,414.946774579,230.199097762,1000.93,2807701504
fabric,1,benchmark,415.197071339,230.44939452199998,1001.91,2807701504
fabric,1,benchmark,415.447546558,230.699869741,1003.1,2807713792
fabric,1,benchmark,415.702680239,230.955003422,1004.97,2807721984
fabric,1,benchmark,415.952677516,231.20500069899998,1005.41,2807721984
fabric,1,benchmark,416.203177646,231.45550082899996,1006.9,2807754752
fabric,1,benchmark,416.453317959,231.705641142,1007.5,2807754752
fabric,1,benchmark,416.703705693,231.956028876,1008.5,2807771136
fabric,1,benchmark,416.953909219,232.206232402,1009.91,2807771136
fabric,1,benchmark,417.204327975,232.456651158,1011.24,2807816192
fabric,1,benchmark,417.454870657,232.70719384,1012.43,2807816192
fabric,1,benchmark,417.704956797,232.95727998,1013.68,2807836672
fabric,1,benchmark,417.955192015,233.207515198,1014.94,2807836672
fabric,1,benchmark,418.205475605,233.457798788,1015.91,2807836672
fabric,1,benchmark,418.455508083,233.70783126599997,1017.11,2807848960
fabric,1,benchmark,418.705808263,233.95813144599998,1017.99,2807848960
fabric,1,benchmark,418.956269071,234.208592254,1019.29,2807848960
fabric,1,benchmark,419.206577812,234.45890099499996,1020.63,2807865344
fabric,1,benchmark,419.456546717,234.70886989999997,1021.66,2807865344
fabric,1,benchmark,419.706866268,234.959189451,1022.56,2807894016
fabric,1,benchmark,419.957248323,235.20957150599997,1023.74,2807894016
fabric,1,benchmark,420.209245221,235.461568404,1024.86,2807894016
fabric,1,benchmark,420.45929739,235.711620573,1026,2807902208
fabric,1,benchmark,420.709489475,235.96181265799999,1027.2,2807902208
fabric,1,benchmark,420.959723152,236.21204633499997,1028.68,2807914496
fabric,1,benchmark,421.209979321,236.46230250399998,1029.78,2807918592
fabric,1,benchmark,421.460326913,236.712650096,1030.59,2807918592
fabric,1,benchmark,421.710503308,236.962826491,1031.52,2807934976
fabric,1,benchmark,421.960642231,237.212965414,1033.03,2807934976
fabric,1,benchmark,422.210900989,237.46322417199997,1033.94,2807951360
fabric,1,benchmark,422.461232231,237.71355541399998,1035.25,2807955456
fabric,1,benchmark,422.711164405,237.96348758799996,1035.94,2807955456
fabric,1,benchmark,422.961448474,238.213771657,1036.79,2807955456
fabric,1,benchmark,423.211749115,238.46407229799996,1038.02,2807955456
fabric,1,benchmark,423.474645121,238.72696830399997,1039.65,2807963648
fabric,1,benchmark,423.724643948,238.97696713099998,1040.84,2807963648
fabric,1,benchmark,423.97497909,239.22730227299996,1042.38,2807963648
fabric,1,benchmark,424.225315242,239.477638425,1043.41,2807963648
fabric,1,benchmark,424.475605432,239.727928615,1044.22,2807963648
fabric,1,benchmark,424.725819678,239.97814286099998,1045.58,2807963648
fabric,1,benchmark,424.976232954,240.228556137,1046.34,2807963648
fabric,1,benchmark,425.226215989,240.478539172,1047.33,2807963648
fabric,1,benchmark,425.4769634,240.72928658299998,1048.91,2807971840
fabric,1,benchmark,425.727075652,240.97939883499998,1049.54,2807971840
fabric,1,benchmark,425.977528849,241.229852032,1050.93,2807971840
fabric,1,benchmark,426.227963006,241.48028618899997,1052.49,2807971840
fabric,1,benchmark,426.478203703,241.730526886,1053.32,2807971840
fabric,1,benchmark,426.728349176,241.98067235899998,1054.51,2807984128
fabric,1,benchmark,426.978672218,242.23099540099997,1055.7,2807984128
fabric,1,benchmark,427.228962427,242.48128561,1056.77,2807988224
fabric,1,benchmark,427.479192575,242.731515758,1057.39,2807988224
fabric,1,benchmark,427.738060687,242.99038386999996,1059.54,2807992320
fabric,1,benchmark,427.988020881,243.240344064,1060.47,2807992320
fabric,1,benchmark,428.238161024,243.490484207,1061.83,2808008704
fabric,1,benchmark,428.488457134,243.74078031699997,1062.79,2808008704
fabric,1,benchmark,428.738931302,243.991254485,1064.07,2808016896
fabric,1,benchmark,428.98896286,244.241286043,1065.16,2808020992
fabric,1,benchmark,429.241265542,244.493588725,1066.36,2808041472
fabric,1,benchmark,429.489427375,244.74175055799998,1067.45,2808041472
fabric,1,benchmark,429.739767437,244.99209062,1068.57,2808041472
fabric,1,benchmark,429.989909,245.242232183,1069.57,2808057856
fabric,1,benchmark,430.240398829,245.492722012,1071.6,2808057856
fabric,1,benchmark,430.491096987,245.74342016999998,1072.42,2808066048
fabric,1,benchmark,430.741255961,245.99357914399997,1073.74,2808066048
fabric,1,benchmark,430.991554811,246.243877994,1074.62,2808066048
fabric,1,benchmark,431.242181426,246.494504609,1075.36,2808066048
fabric,1,benchmark,431.49212909,246.74445227299998,1076.6,2808074240
fabric,1,benchmark,431.742452411,246.99477559399998,1077.8,2808074240
fabric,1,benchmark,431.992815124,247.245138307,1078.46,2808074240
fabric,1,benchmark,432.243322334,247.495645517,1079.33,2808074240
fabric,1,benchmark,432.493871676,247.746194859,1080.58,2808098816
fabric,1,benchmark,432.743772828,247.99609601099996,1081.22,2808098816
fabric,1,benchmark,432.994221414,248.24654459699997,1082.15,2808098816
fabric,1,benchmark,433.244344496,248.49666767899998,1084.45,2808111104
fabric,1,benchmark,433.494545232,248.746868415,1084.96,2808111104
fabric,1,benchmark,433.744711276,248.99703445899996,1086.48,2808139776
fabric,1,benchmark,433.994901101,249.24722428399997,1087.61,2808139776
fabric,1,benchmark,434.245106037,249.49742922000001,1088.35,2808139776
fabric,1,benchmark,434.495132934,249.747456117,1090.01,2808164352
fabric,1,benchmark,434.745489467,249.99781265000001,1090.6,2808164352
fabric,1,benchmark,434.995735925,250.248059108,1091.86,2808176640
fabric,1,benchmark,435.246505377,250.49882856,1093.38,2808246272
fabric,1,benchmark,435.496508903,250.748832086,1095.12,2808246272
fabric,1,benchmark,435.747487534,250.999810717,1096.47,2808287232
fabric,1,benchmark,435.997407287,251.24973046999997,1097.18,2808287232
fabric,1,benchmark,436.247820772,251.500143955,1098.06,2808328192
fabric,1,benchmark,436.498096721,251.750419904,1098.9,2808328192
fabric,1,benchmark,436.748402582,252.00072576499997,1099.17,2808328192
fabric,1,benchmark,436.998606127,252.25092931,1099.91,2808328192
fabric,1,benchmark,437.248898177,252.50122136,1101.02,2808360960
fabric,1,benchmark,437.499127074,252.751450257,1101.57,2808360960
fabric,1,benchmark,437.7493381,253.00166128299998,1102.3,2808373248
fabric,1,benchmark,437.999584367,253.25190755,1103.19,2808385536
fabric,1,benchmark,438.249991022,253.502314205,1103.54,2808385536
fabric,1,benchmark,438.500346855,253.75267003799996,1104.66,2808410112
fabric,1,benchmark,438.750447776,254.00277095899997,1105.13,2808410112
fabric,1,benchmark,439.001129143,254.253452326,1105.51,2808426496
fabric,1,benchmark,439.250953792,254.503276975,1105.85,2808426496
fabric,1,benchmark,439.501420339,254.75374352199998,1107.44,2808426496
fabric,1,benchmark,439.751636015,255.00395919799996,1107.8,2808426496
fabric,1,benchmark,440.002158956,255.254482139,1108.27,2808434688
fabric,1,benchmark,440.252411864,255.504735047,1109.08,2808434688
fabric,1,benchmark,440.502576687,255.75489986999997,1109.38,2808434688
fabric,1,benchmark,440.753223843,256.005547026,1110.54,2808434688
fabric,1,benchmark,441.003420479,256.255743662,1111.64,2808446976
fabric,1,benchmark,441.253849955,256.506173138,1112.36,2808446976
fabric,1,benchmark,441.504089742,256.756412925,1113.07,2808446976
fabric,1,benchmark,441.754325599,257.006648782,1114.2,2808455168
fabric,1,benchmark,442.004560686,257.256883869,1115.57,2808459264
fabric,1,benchmark,442.25472931,257.507052493,1116.67,2808459264
fabric,1,benchmark,442.505075092,257.757398275,1117.82,2808459264
fabric,1,benchmark,442.755503628,258.007826811,1118.59,2808459264
fabric,1,benchmark,443.005748505,258.258071688,1121.02,2808524800
fabric,1,benchmark,443.256179671,258.50850285399997,1121.99,2808524800
fabric,1,benchmark,443.506186308,258.758509491,1122.42,2808557568
fabric,1,benchmark,443.756486878,259.00881006099996,1123.08,2808557568
fabric,1,benchmark,444.006783517,259.25910669999996,1123.93,2808557568
fabric,1,benchmark,444.256773493,259.509096676,1124.24,2808557568
fabric,1,benchmark,444.506828512,259.759151695,1124.87,2808557568
fabric,1,benchmark,444.757358282,260.00968146499997,1125.82,2808557568
fabric,1,benchmark,445.007675253,260.259998436,1126.23,2808594432
fabric,1,benchmark,445.258168022,260.510491205,1126.91,2808594432
fabric,1,benchmark,445.508308324,260.76063150699997,1128.09,2808594432
fabric,1,benchmark,445.758553852,261.01087703499996,1129.17,2808594432
fabric,1,benchmark,446.00882167,261.26114485299996,1129.52,2808594432
fabric,1,benchmark,446.259072608,261.511395791,1130.63,2808610816
fabric,1,benchmark,446.509261143,261.761584326,1131.26,2808610816
fabric,1,benchmark,446.759760102,262.01208328499996,1132.49,2808610816
fabric,1,benchmark,447.010072992,262.262396175,1132.84,2808610816
fabric,1,benchmark,447.262221287,262.51454447,1134.15,2808631296
fabric,1,benchmark,447.510605989,262.762929172,1134.76,2808631296
fabric,1,benchmark,447.760911579,263.01323476199997,1136.22,2808631296
fabric,1,benchmark,448.010844232,263.263167415,1136.55,2808631296
fabric,1,benchmark,448.261470307,263.51379349,1137.18,2808655872
fabric,1,benchmark,448.511871481,263.764194664,1137.56,2808655872
fabric,1,benchmark,448.761868858,264.014192041,1138.8,2808655872
fabric,1,benchmark,449.012064782,264.26438796499997,1139.92,2808655872
fabric,1,benchmark,449.262291889,264.51461507199997,1140.36,2808676352
fabric,1,benchmark,449.512593699,264.76491688199997,1141.34,2808680448
fabric,1,benchmark,449.762820066,265.015143249,1142,2808680448
fabric,1,benchmark,450.013033111,265.265356294,1143.2,2808692736
fabric,1,benchmark,450.263541491,265.515864674,1143.75,2808692736
fabric,1,benchmark,450.513807769,265.76613095199997,1144.43,2808692736
fabric,1,benchmark,450.764202123,266.016525306,1145.25,2808692736
fabric,1,benchmark,451.014330995,266.266654178,1146.94,2808741888
fabric,1,benchmark,451.264582533,266.516905716,1148.55,2808741888
fabric,1,benchmark,451.514850821,266.76717400399997,1148.89,2808741888
fabric,1,benchmark,451.765197993,267.017521176,1150.37,2808803328
fabric,1,benchmark,452.015367887,267.26769107,1151.25,2808803328
fabric,1,benchmark,452.265923028,267.51824621099996,1152.06,2808807424
fabric,1,benchmark,452.516324743,267.76864792599997,1152.79,2808807424
fabric,1,benchmark,452.766641613,268.018964796,1154.1,2808819712
fabric,1,benchmark,453.016850589,268.269173772,1155.57,2808819712
fabric,1,benchmark,453.267428711,268.51975189399997,1156.75,2808823808
fabric,1,benchmark,453.518017044,268.77034022699996,1157.39,2808836096
fabric,1,benchmark,453.767885244,269.020208427,1157.92,2808836096
fabric,1,benchmark,454.018244407,269.27056759,1159.12,2808848384
fabric,1,benchmark,454.268448542,269.520771725,1159.72,2808848384
fabric,1,benchmark,454.518801735,269.771124918,1160.47,2808848384
fabric,1,benchmark,454.770047798,270.022370981,1162.75,2808889344
fabric,1,benchmark,455.019939109,270.272262292,1163.23,2808897536
fabric,1,benchmark,455.271517177,270.52384036,1164.44,2808913920
fabric,1,benchmark,455.520604341,270.772927524,1165.28,2808913920
fabric,1,benchmark,455.771041587,271.02336477,1166.23,2808913920
fabric,1,benchmark,456.021462252,271.273785435,1167.47,2808958976
fabric,1,benchmark,456.27149596,271.52381914299997,1168.21,2808979456
fabric,1,benchmark,456.521901825,271.774225008,1169.82,2809008128
fabric,1,benchmark,456.772195154,272.02451833699996,1170.81,2809016320
fabric,1,benchmark,457.022554566,272.274877749,1171.94,2809016320
fabric,1,benchmark,457.272833175,272.525156358,1172.92,2809110528
fabric,1,benchmark,457.523335574,272.775658757,1174.42,2809143296
fabric,1,benchmark,457.773658655,273.025981838,1175.25,2809143296
fabric,1,benchmark,458.024063049,273.276386232,1176.02,2809143296
fabric,1,benchmark,458.274263674,273.526586857,1176.66,2809147392
fabric,1,benchmark,458.52446827,273.776791453,1178.06,2809192448
fabric,1,benchmark,458.775061183,274.027384366,1178.93,2809192448
fabric,1,benchmark,459.025118341,274.277441524,1179.95,2809192448
fabric,1,benchmark,459.275415741,274.527738924,1180.74,2809217024
fabric,1,benchmark,459.526416982,274.778740165,1182.06,2809221120
fabric,1,benchmark,459.776623348,275.028946531,1182.78,2809245696
fabric,1,benchmark,460.026890796,275.27921397899996,1183.88,2809245696
fabric,1,benchmark,460.277381894,275.52970507699996,1185.4,2809245696
fabric,1,benchmark,460.527516437,275.77983961999996,1186.55,2809286656
fabric,1,benchmark,460.777834807,276.03015798999996,1187.72,2809286656
fabric,1,benchmark,461.027969139,276.280292322,1189.05,2809286656
fabric,1,benchmark,461.278570262,276.530893445,1189.81,2809311232
fabric,1,benchmark,461.528758577,276.78108176,1190.13,2809311232
fabric,1,benchmark,461.779053956,277.03137713899997,1191.43,2809311232
fabric,1,benchmark,462.029242711,277.281565894,1191.78,2809315328
fabric,1,benchmark,462.279401294,277.531724477,1192.08,2809315328
fabric,1,benchmark,462.529833,277.782156183,1193.38,2809335808
fabric,1,benchmark,462.779786213,278.032109396,1194.04,2809335808
fabric,1,benchmark,463.03023276,278.282555943,1194.82,2809335808
fabric,1,benchmark,463.283241813,278.535564996,1195.91,2809372672
fabric,1,benchmark,463.530764906,278.783088089,1196.84,2809376768
fabric,1,benchmark,463.780822044,279.033145227,1197.95,2809376768
fabric,1,benchmark,464.031232089,279.283555272,1199.03,2809446400
fabric,1,benchmark,464.281655224,279.533978407,1199.8,2809446400
fabric,1,benchmark,464.5329743,279.78529748299997,1200.83,2809446400
fabric,1,benchmark,464.781905037,280.03422822,1201.84,2809487360
fabric,1,benchmark,465.032144914,280.284468097,1202.93,2809487360
fabric,1,benchmark,465.282440033,280.534763216,1204.35,2809487360
fabric,1,benchmark,465.532758014,280.785081197,1205.28,2809524224
fabric,1,benchmark,465.782875595,281.035198778,1206.16,2809524224
fabric,1,benchmark,466.033239317,281.28556249999997,1207.1,2809524224
fabric,1,benchmark,466.283737526,281.53606070899997,1208.19,2809524224
fabric,1,benchmark,466.533880028,281.786203211,1209.34,2809602048
fabric,1,benchmark,466.784281472,282.03660465499996,1210.36,2809602048
fabric,1,benchmark,467.03475616,282.28707934299996,1211.19,2809602048
fabric,1,benchmark,467.285778162,282.538101345,1212.58,2809622528
fabric,1,benchmark,467.535915015,282.788238198,1213.36,2809622528
fabric,1,benchmark,467.79421154,283.046534723,1214.55,2809622528
fabric,1,benchmark,468.044449097,283.29677227999997,1214.98,2809622528
fabric,1,benchmark,468.294953895,283.547277078,1215.97,2809663488
fabric,1,benchmark,468.545187482,283.797510665,1216.48,2809663488
fabric,1,benchmark,468.795356955,284.047680138,1217.1,2809663488
fabric,1,benchmark,469.045866234,284.298189417,1217.89,2809663488
fabric,1,benchmark,469.296142423,284.548465606,1219.47,2809720832
fabric,1,benchmark,469.546452993,284.798776176,1220.69,2809720832
fabric,1,benchmark,469.796947661,285.049270844,1221.52,2809757696
fabric,1,benchmark,470.047032331,285.299355514,1222.5,2809757696
fabric,1,benchmark,470.297427275,285.549750458,1223.35,2809757696
fabric,1,benchmark,470.547680402,285.800003585,1225.14,2809782272
fabric,1,benchmark,470.798118088,286.050441271,1226.13,2809782272
fabric,1,benchmark,471.050636909,286.302960092,1227.24,2809782272
fabric,1,benchmark,471.301098816,286.55342199899997,1227.9,2809794560
fabric,1,benchmark,471.551410595,286.803733778,1228.85,2809794560
fabric,1,benchmark,471.801663323,287.053986506,1229.89,2809794560
fabric,1,benchmark,472.053529944,287.305853127,1231.07,2809802752
fabric,1,benchmark,472.302062602,287.55438578499997,1231.89,2809802752
fabric,1,benchmark,472.552458706,287.80478188899997,1233.29,2809815040
fabric,1,benchmark,472.803490569,288.055813752,1233.89,2809819136
fabric,1,benchmark,473.053658602,288.305981785,1234.89,2809851904
fabric,1,benchmark,473.30392934,288.556252523,1236.41,2809851904
fabric,1,benchmark,473.554301943,288.806625126,1236.79,2809851904
fabric,1,benchmark,473.804732229,289.057055412,1237.98,2809851904
fabric,1,benchmark,474.054987296,289.30731047899997,1238.56,2809868288
fabric,1,benchmark,474.305432022,289.557755205,1239.76,2809868288
fabric,1,benchmark,474.55527067,289.807593853,1240.19,2809868288
fabric,1,benchmark,474.806614677,290.05893786,1241.39,2809876480
fabric,1,benchmark,475.055978084,290.308301267,1242.44,2809880576
fabric,1,benchmark,475.306266653,290.558589836,1243.72,2809880576
fabric,1,benchmark,475.556243108,290.808566291,1244.13,2809880576
fabric,1,benchmark,475.806671573,291.058994756,1245.06,2809921536
fabric,1,benchmark,476.057084878,291.309408061,1246.12,2809921536
fabric,1,benchmark,476.308258217,291.5605814,1247.08,2809933824
fabric,1,benchmark,476.558321416,291.810644599,1247.53,2809933824
fabric,1,benchmark,476.808781942,292.061105125,1248.57,2809933824
fabric,1,benchmark,477.058785738,292.31110892099997,1249.01,2809933824
fabric,1,benchmark,477.309457004,292.561780187,1250.31,2809970688
fabric,1,benchmark,477.559609587,292.81193277,1250.81,2809970688
fabric,1,benchmark,477.809973769,293.062296952,1251.78,2809970688
fabric,1,benchmark,478.06030379,293.31262697299996,1252.55,2809970688
fabric,1,benchmark,478.310595709,293.56291889199997,1253.22,2809995264
fabric,1,benchmark,478.560909009,293.813232192,1254.06,2810015744
fabric,1,benchmark,478.811223939,294.063547122,1255.3,2812694528
fabric,1,benchmark,479.061484586,294.313807769,1256.67,2812723200
fabric,1,benchmark,479.31165691,294.563980093,1257.09,2812723200
fabric,1,benchmark,479.562023452,294.814346635,1258.24,2812723200
fabric,1,benchmark,479.812436047,295.06475923,1258.75,2812731392
fabric,1,benchmark,480.062652642,295.314975825,1259.56,2812731392
fabric,1,benchmark,480.313676914,295.56600009699997,1260.48,2812731392
fabric,1,benchmark,480.565943814,295.81826699699997,1261.42,2812743680
fabric,1,benchmark,480.814453171,296.066776354,1262.47,2812755968
fabric,1,benchmark,481.064624315,296.316947498,1263.01,2812792832
fabric,1,benchmark,481.315118503,296.567441686,1264.19,2812792832
fabric,1,benchmark,481.565427972,296.817751155,1264.62,2812858368
fabric,1,benchmark,481.815409407,297.06773259,1265,2812858368
fabric,1,benchmark,482.06579473,297.318117913,1265.89,2812866560
fabric,1,benchmark,482.316182994,297.56850617699996,1266.58,2812866560
fabric,1,benchmark,482.566440751,297.818763934,1267.35,2812866560
fabric,1,benchmark,482.816907138,298.06923032099996,1268.48,2812923904
fabric,1,benchmark,483.06704411,298.31936729299997,1269.46,2812923904
fabric,1,benchmark,483.317630812,298.569953995,1270.66,2812960768
fabric,1,benchmark,483.567528183,298.81985136599997,1271,2812960768
fabric,1,benchmark,483.818749244,299.071072427,1271.94,2812973056
fabric,1,benchmark,484.068220355,299.320543538,1272.89,2813063168
fabric,1,benchmark,484.318556116,299.570879299,1273.39,2813063168
fabric,1,benchmark,484.568896157,299.82121933999997,1274.23,2813063168
fabric,1,benchmark,484.819158475,300.071481658,1276.12,2835025920
fabric,1,benchmark,485.069517857,300.32184104,1276.58,2835025920
fabric,1,benchmark,485.32187825,300.574201433,1277.48,2835054592
fabric,1,benchmark,485.570084764,300.822407947,1278.52,2835054592
fabric,1,benchmark,485.820421094,301.07274427699997,1278.79,2835054592
fabric,1,benchmark,486.070721614,301.32304479699997,1279.62,2835013632
fabric,1,benchmark,486.320850085,301.573173268,1280.61,2835013632
fabric,1,benchmark,486.571083021,301.823406204,1281.05,2835005440
fabric,1,benchmark,486.821608001,302.073931184,1282.01,2835046400
fabric,1,benchmark,487.072901445,302.325224628,1283.07,2835046400
fabric,1,benchmark,487.325743511,302.578066694,1283.53,2835075072
fabric,1,benchmark,487.573125876,302.825449059,1284.93,2835062784
fabric,1,benchmark,487.823429686,303.075752869,1285.43,2835140608
fabric,1,benchmark,488.073822089,303.32614527199996,1286.75,2835161088
fabric,1,benchmark,488.323976182,303.576299365,1287.34,2835161088
fabric,1,benchmark,488.574493931,303.826817114,1287.98,2835169280
fabric,1,benchmark,488.824717506,304.077040689,1288.58,2835169280
fabric,1,benchmark,489.074838267,304.32716145,1289.89,2835197952
fabric,1,benchmark,489.325154987,304.57747817,1290.53,2835197952
fabric,1,benchmark,489.575491648,304.827814831,1291.66,2835197952
fabric,1,benchmark,489.825610519,305.077933702,1292.12,2835197952
fabric,1,benchmark,490.076107767,305.32843095,1293.52,2835288064
fabric,1,benchmark,490.326136483,305.578459666,1294.15,2835288064
fabric,1,benchmark,490.57659646,305.828919643,1295.06,2835288064
fabric,1,benchmark,490.826883318,306.079206501,1296.81,2835304448
fabric,1,benchmark,491.077101954,306.329425137,1297.6,2835312640
fabric,1,benchmark,491.327476366,306.579799549,1298.31,2835312640
fabric,1,benchmark,491.577727243,306.830050426,1299.57,2835329024
fabric,1,benchmark,491.827971,307.080294183,1300.27,2835329024
fabric,1,benchmark,492.078220517,307.33054369999996,1301.23,2835365888
fabric,1,benchmark,492.328284435,307.580607618,1302.33,2835365888
fabric,1,benchmark,492.578582654,307.830905837,1303.28,2835365888
fabric,1,benchmark,492.828833701,308.081156884,1304.24,2835365888
fabric,1,benchmark,493.079109059,308.331432242,1304.69,2835374080
fabric,1,benchmark,493.328936306,308.581259489,1304.94,2835374080
fabric,1,benchmark,493.579608892,308.831932075,1305.91,2835378176
fabric,1,benchmark,493.829830408,309.082153591,1306.61,2835378176
fabric,1,benchmark,494.080337456,309.332660639,1307.79,2835394560
fabric,1,benchmark,494.330728399,309.583051582,1308.9,2835398656
fabric,1,benchmark,494.581048149,309.833371332,1309.99,2835423232
fabric,1,benchmark,494.831277035,310.083600218,1310.96,2835435520
fabric,1,benchmark,495.081645487,310.33396867,1311.83,2835435520
fabric,1,benchmark,495.331783519,310.584106702,1312.68,2835435520
fabric,1,benchmark,495.58212094,310.83444412299997,1313.7,2835435520
fabric,1,benchmark,495.832501552,311.084824735,1315.12,2835476480
fabric,1,benchmark,496.082681916,311.335005099,1315.66,2835480576
fabric,1,benchmark,496.33309696,311.58542014299996,1316.4,2835492864
fabric,1,benchmark,496.583304425,311.835627608,1317.15,2835492864
fabric,1,benchmark,496.833613474,312.085936657,1318.41,2835513344
fabric,1,benchmark,497.083953465,312.33627664799997,1318.88,2835513344
fabric,1,benchmark,497.33417232,312.586495503,1319.64,2835513344
fabric,1,benchmark,497.584596385,312.836919568,1320.79,2835533824
fabric,1,benchmark,497.835515192,313.087838375,1322.17,2835574784
fabric,1,benchmark,498.085694746,313.338017929,1323.27,2835574784
fabric,1,benchmark,498.335948503,313.588271686,1324.75,2835595264
fabric,1,benchmark,498.586274833,313.838598016,1325.67,2835623936
fabric,1,benchmark,498.836378643,314.088701826,1326.77,2835623936
fabric,1,benchmark,499.086678112,314.339001295,1327.72,2835636224
fabric,1,benchmark,499.336932149,314.589255332,1328.62,2835640320
fabric,1,benchmark,499.590549889,314.842873072,1329.68,2835640320
fabric,1,benchmark,499.840942503,315.093265686,1330.29,2835640320
fabric,1,benchmark,500.09098355,315.34330673299996,1331.1,2835652608
fabric,1,benchmark,500.341114301,315.593437484,1332.13,2835652608
fabric,1,benchmark,500.591507754,315.843830937,1333.03,2835652608
fabric,1,benchmark,500.842522336,316.094845519,1333.85,2835652608
fabric,1,benchmark,501.092899168,316.34522235099996,1335,2835738624
fabric,1,benchmark,501.3434883,316.595811483,1336.24,2835738624
fabric,1,benchmark,501.594379306,316.846702489,1337.1,2835738624
fabric,1,benchmark,501.844543159,317.096866342,1338.04,2835738624
fabric,1,benchmark,502.094870238,317.347193421,1339.16,2835767296
fabric,1,benchmark,502.345156478,317.59747966099997,1340.41,2835767296
fabric,1,benchmark,502.595382823,317.847706006,1341.37,2835767296
fabric,1,benchmark,502.845465392,318.097788575,1341.95,2835771392
fabric,1,benchmark,503.095981261,318.348304444,1343.07,2835849216
fabric,1,benchmark,503.348076512,318.60039969499996,1345.99,2836131840
fabric,1,benchmark,503.596745576,318.849068759,1347.14,2872197120
fabric,1,benchmark,503.846949471,319.099272654,1348.15,2872197120
fabric,1,benchmark,504.097233199,319.349556382,1349.22,2872197120
fabric,1,benchmark,504.347678294,319.600001477,1350.72,2886385664
fabric,1,benchmark,504.597894769,319.850217952,1351.4,2886385664
fabric,1,benchmark,504.848313294,320.10063647699997,1352.19,2886393856
fabric,1,benchmark,505.101374249,320.353697432,1353.29,2886434816
fabric,1,benchmark,505.351399745,320.60372292799997,1354.33,2886434816
fabric,1,benchmark,505.601694124,320.854017307,1354.94,2886434816
fabric,1,benchmark,505.852129539,321.10445272199996,1355.62,2886434816
fabric,1,benchmark,506.102237739,321.35456092199996,1356.9,2891354112
fabric,1,benchmark,506.352995019,321.605318202,1358.04,2891620352
fabric,1,benchmark,506.603191833,321.85551501599997,1358.9,2891620352
fabric,1,benchmark,506.853508072,322.105831255,1360.46,2891628544
fabric,1,benchmark,507.103614902,322.355938085,1361.11,2891628544
fabric,1,benchmark,507.353806016,322.606129199,1362.1,2891640832
fabric,1,benchmark,507.604089444,322.856412627,1363.01,2891640832
fabric,1,benchmark,507.855903882,323.108227065,1364.37,2891653120
fabric,1,benchmark,508.104551965,323.356875148,1366.53,2962157568
fabric,1,benchmark,508.357576459,323.60989964199996,1367.72,2964873216
fabric,1,benchmark,508.605203415,323.857526598,1369.5,2966208512
fabric,1,benchmark,508.855498604,324.107821787,1370.23,2966208512
fabric,1,benchmark,509.105608484,324.357931667,1371.14,2966208512
fabric,1,benchmark,509.35562162,324.607944803,1371.78,2966208512
fabric,1,benchmark,509.606323777,324.85864696,1372.96,2966220800
fabric,1,benchmark,509.85670573,325.109028913,1373.86,2966220800
fabric,1,benchmark,510.106675153,325.358998336,1374.64,2966220800
fabric,1,benchmark,510.357106138,325.609429321,1375.59,2966220800
fabric,1,benchmark,510.607281941,325.859605124,1376.75,2969300992
fabric,1,benchmark,510.857430883,326.109754066,1377.43,2970787840
fabric,1,benchmark,511.10747518,326.359798363,1377.74,2970865664
fabric,1,benchmark,511.357711946,326.610035129,1378.18,2970865664
fabric,1,benchmark,511.608274897,326.86059808,1379.48,2970918912
fabric,1,benchmark,511.858615007,327.11093819,1380.24,2970931200
fabric,1,benchmark,512.108640863,327.360964046,1380.95,2970931200
fabric,1,benchmark,512.359037427,327.61136060999996,1381.65,2970931200
fabric,1,benchmark,512.61030754,327.862630723,1383.41,2970931200
fabric,1,benchmark,512.85999217,328.11231535300004,1385.16,3006619648
fabric,1,benchmark,513.110223606,328.36254678899996,1386.24,3006619648
fabric,1,benchmark,513.36042666,328.612749843,1387.51,3006619648
fabric,1,benchmark,513.612790593,328.865113776,1388.64,3009249280
fabric,1,benchmark,513.861044358,329.11336754099995,1389.46,3014762496
fabric,1,benchmark,514.110841054,329.36316423700003,1390.29,3014762496
fabric,1,benchmark,514.361269569,329.613592752,1391.23,3014762496
fabric,1,benchmark,514.614537143,329.866860326,1392.4,3014762496
fabric,1,benchmark,514.864946167,330.11726934999996,1393.69,3014774784
fabric,1,benchmark,515.115005495,330.367328678,1394.71,3014774784
fabric,1,benchmark,515.365405098,330.617728281,1395.83,3014774784
fabric,1,benchmark,515.615619663,330.86794284599995,1396.91,3014795264
fabric,1,benchmark,515.86566898,331.117992163,1398.1,3014803456
fabric,1,benchmark,516.115797081,331.36812026399997,1400.44,3014844416
fabric,1,benchmark,516.366157602,331.61848078500003,1401.49,3014844416
fabric,1,benchmark,516.617048448,331.869371631,1402.41,3014856704
fabric,1,benchmark,516.867286144,332.119609327,1403.26,3014856704
fabric,1,benchmark,517.118027032,332.370350215,1404.14,3014856704
fabric,1,benchmark,517.367711073,332.620034256,1405.26,3014856704
fabric,1,benchmark,517.617988311,332.87031149399996,1406.32,3014868992
fabric,1,benchmark,517.868292529,333.12061571199996,1407.36,3015942144
fabric,1,benchmark,518.11993945,333.37226263299993,1408.34,3015946240
fabric,1,benchmark,518.369137558,333.621460741,1409.43,3015946240
fabric,1,benchmark,518.620051185,333.87237436799995,1410.8,3015983104
fabric,1,benchmark,518.869593889,334.12191707200003,1411.63,3015983104
fabric,1,benchmark,519.120767517,334.3730907,1413.17,3016040448
fabric,1,benchmark,519.370414916,334.62273809899995,1414.63,3016040448
fabric,1,benchmark,519.62061615,334.87293933300003,1415.87,3016089600
fabric,1,benchmark,519.870850716,335.12317389899994,1416.79,3016089600
fabric,1,benchmark,520.121141284,335.373464467,1417.55,3016089600
fabric,1,benchmark,520.371418521,335.623741704,1418.8,3016089600
fabric,1,benchmark,520.621912999,335.87423618199995,1420.01,3016097792
fabric,1,benchmark,520.872124504,336.124447687,1421.23,2977611776
fabric,1,benchmark,521.122509596,336.374832779,1422.1,2977611776
fabric,1,benchmark,521.372891188,336.625214371,1422.94,2977611776
fabric,1,benchmark,521.623362515,336.87568569800004,1424.03,2977644544
fabric,1,benchmark,521.873604771,337.125927954,1425,2977644544
fabric,1,benchmark,522.123756843,337.376080026,1425.93,2977644544
fabric,1,benchmark,522.376867029,337.62919021199997,1427.53,2977652736
fabric,1,benchmark,522.626002865,337.878326048,1428.9,2977685504
fabric,1,benchmark,522.874737602,338.12706078499997,1430.42,2977693696
fabric,1,benchmark,523.124997189,338.37732037200004,1431.35,2977734656
fabric,1,benchmark,523.375565569,338.62788875199993,1432.05,2977734656
fabric,1,benchmark,523.625861978,338.878185161,1432.76,2977734656
fabric,1,benchmark,523.876147616,339.128470799,1433.74,2977775616
fabric,1,benchmark,524.12656513,339.378888313,1434.72,2977792000
fabric,1,benchmark,524.376957322,339.62928050499994,1435.65,2977792000
fabric,1,benchmark,524.627255751,339.879578934,1436.61,2977796096
fabric,1,benchmark,524.877445874,340.12976905700003,1437.63,2977812480
fabric,1,benchmark,525.127776464,340.380099647,1438.55,2977812480
fabric,1,benchmark,525.377995819,340.630319002,1439.48,2977824768
fabric,1,benchmark,525.628421663,340.880744846,1440.55,2977841152
fabric,1,benchmark,525.878744133,341.13106731600004,1441.84,2935078912
fabric,1,benchmark,526.128960288,341.381283471,1443.7,2935078912
fabric,1,benchmark,526.379110109,341.63143329199994,1444.36,2935115776
fabric,1,benchmark,526.629384937,341.88170812000004,1445.22,2935115776
fabric,1,benchmark,526.879751728,342.13207491099996,1446.58,2935128064
fabric,1,benchmark,527.130024665,342.38234784799994,1447.58,2935156736
fabric,1,benchmark,527.380108544,342.632431727,1448.42,2935156736
fabric,1,benchmark,527.630422733,342.88274591600003,1449.22,2935156736
fabric,1,benchmark,527.880868188,343.133191371,1450.71,2935181312
fabric,1,benchmark,528.131500542,343.383823725,1451.72,2892500992
fabric,1,benchmark,528.381449014,343.63377219700004,1452.45,2892505088
fabric,1,benchmark,528.631785985,343.88410916799995,1453.34,2892509184
fabric,1,benchmark,528.881969488,344.13429267099997,1454.05,2892509184
fabric,1,benchmark,529.132442053,344.38476523599996,1455.33,2892587008
fabric,1,benchmark,529.382862937,344.63518612,1455.92,2892587008
fabric,1,benchmark,529.632945416,344.88526859899997,1456.82,2892587008
fabric,1,benchmark,529.883434853,345.135758036,1457.81,2892587008
fabric,1,benchmark,530.133674869,345.38599805199993,1458.52,2892668928
fabric,1,benchmark,530.383866392,345.63618957499995,1459.35,2892668928
fabric,1,benchmark,530.634253745,345.886576928,1460.63,2892668928
fabric,1,benchmark,530.884520852,346.136844035,1462.08,2892730368
fabric,1,benchmark,531.136818811,346.389141994,1463.46,2892730368
fabric,1,benchmark,531.385765858,346.638089041,1464.92,2892767232
fabric,1,benchmark,531.636180072,346.888503255,1466.18,2892767232
fabric,1,benchmark,531.886297912,347.138621095,1466.72,2892767232
fabric,1,benchmark,532.136567839,347.388891022,1467.5,2892771328
fabric,1,benchmark,532.387056156,347.63937933899996,1469.11,2892779520
fabric,1,benchmark,532.637573654,347.889896837,1469.91,2892779520
fabric,1,benchmark,532.889075098,348.141398281,1471.39,2892779520
fabric,1,benchmark,533.138841832,348.391165015,1472.77,2892779520
fabric,1,benchmark,533.389001883,348.641325066,1474.03,2892779520
fabric,1,benchmark,533.639376325,348.89169950799993,1475.17,2892779520
fabric,1,benchmark,533.889546558,349.141869741,1476.16,2892779520
fabric,1,benchmark,534.139829355,349.39215253799995,1477.08,2892779520
fabric,1,benchmark,534.390285861,349.64260904400004,1477.98,2892783616
fabric,1,benchmark,534.640220263,349.89254344599993,1479.02,2892783616
fabric,1,benchmark,534.89050953,350.142832713,1480.61,2892791808
fabric,1,benchmark,535.140934325,350.393257508,1482.17,2892824576
fabric,1,benchmark,535.391528366,350.643851549,1482.75,2892820480
fabric,1,benchmark,535.641599904,350.893923087,1484.55,2892820480
fabric,1,benchmark,535.892037009,351.14436019199997,1485.52,2892845056
fabric,1,benchmark,536.142247233,351.394570416,1486.73,2892845056
fabric,1,benchmark,536.392553892,351.644877075,1487.6,2892845056
fabric,1,benchmark,536.64481665,351.89713983300004,1488.93,2892877824
fabric,1,benchmark,536.897262656,352.14958583899994,1490.18,2892877824
fabric,1,benchmark,537.146179011,352.39850219399995,1491.77,2892890112
fabric,1,benchmark,537.396362224,352.64868540699996,1493.01,2892890112
fabric,1,benchmark,537.646834141,352.899157324,1493.75,2892890112
fabric,1,benchmark,537.897101187,353.14942436999996,1495.21,2892898304
fabric,1,benchmark,538.149941762,353.402264945,1496.21,2892898304
fabric,1,benchmark,538.399723827,353.65204701,1497.44,2892939264
fabric,1,benchmark,538.649874198,353.902197381,1498.28,2892939264
fabric,1,benchmark,538.900326943,354.15265012599997,1499.28,2892943360
fabric,1,benchmark,539.150729236,354.40305241899995,1501,2892947456
fabric,1,benchmark,539.400901949,354.65322513199993,1501.78,2892947456
fabric,1,benchmark,539.651203447,354.90352662999993,1502.98,2892947456
fabric,1,benchmark,539.901642522,355.15396570499996,1503.91,2892955648
fabric,1,benchmark,540.15194654,355.404269723,1505.65,2892967936
fabric,1,benchmark,540.402211537,355.65453471999996,1506.23,2892967936
fabric,1,benchmark,540.654160291,355.906483474,1507.87,2893008896
fabric,1,benchmark,540.904514462,356.15683764499994,1508.76,2893008896
fabric,1,benchmark,541.154803969,356.407127152,1509.68,2893008896
fabric,1,benchmark,541.406125144,356.65844832700003,1511.1,2893021184
fabric,1,benchmark,541.656177401,356.908500584,1512.14,2863087616
fabric,1,benchmark,541.90648503,357.158808213,1513.3,2863087616
fabric,1,benchmark,542.156861892,357.40918507500004,1514.49,2863165440
fabric,1,benchmark,542.407083426,357.659406609,1515.87,2863165440
fabric,1,benchmark,542.657213187,357.90953637,1516.87,2863230976
fabric,1,benchmark,542.907810159,358.16013334199994,1518.03,2863230976
fabric,1,benchmark,543.157769631,358.41009281399994,1519.11,2863230976
fabric,1,benchmark,543.408238827,358.66056201,1520.54,2863271936
fabric,1,benchmark,543.65862709,358.91095027299997,1521.45,2863271936
fabric,1,benchmark,543.908873245,359.161196428,1522.52,2863316992
fabric,1,benchmark,544.15908845,359.411411633,1523.48,2863386624
fabric,1,benchmark,544.409468182,359.66179136499994,1524.54,2863386624
fabric,1,benchmark,544.659809602,359.912132785,1526.06,2863411200
fabric,1,benchmark,544.911548966,360.16387214900004,1527.68,2863411200
fabric,1,benchmark,545.161298949,360.41362213199994,1528.41,2863411200
fabric,1,benchmark,545.411168057,360.66349124000004,1529.37,2863480832
fabric,1,benchmark,545.661485036,360.91380821900003,1530.91,2863480832
fabric,1,benchmark,545.911711931,361.164035114,1531.98,2863489024
fabric,1,benchmark,546.161890954,361.414214137,1532.98,2863489024
fabric,1,benchmark,546.414136361,361.666459544,1534.12,2863489024
fabric,1,benchmark,546.664622688,361.916945871,1535.07,2863489024
fabric,1,benchmark,546.914886874,362.167210057,1536.01,2863505408
fabric,1,benchmark,547.16512847,362.417451653,1536.53,2863505408
fabric,1,benchmark,547.415433588,362.66775677100003,1538.03,2863513600
fabric,1,benchmark,547.666042781,362.918365964,1539.08,2863513600
fabric,1,benchmark,547.916341259,363.16866444199997,1540.16,2863513600
fabric,1,benchmark,548.166397526,363.41872070899996,1541.35,2863452160
fabric,1,benchmark,548.416765577,363.66908875999997,1542.4,2863452160
fabric,1,benchmark,548.667240513,363.919563696,1543.67,2863480832
fabric,1,benchmark,548.917127302,364.169450485,1545.09,2863480832
fabric,1,benchmark,549.167602229,364.41992541199994,1545.83,2863480832
fabric,1,benchmark,549.418212401,364.670535584,1547.31,2863505408
fabric,1,benchmark,549.667987285,364.92031046799997,1547.99,2863505408
fabric,1,benchmark,549.918266302,365.170589485,1549.94,2863570944
fabric,1,benchmark,550.168634083,365.420957266,1550.56,2863591424
fabric,1,benchmark,550.421008526,365.673331709,1551.57,2863595520
fabric,1,benchmark,550.671184189,365.92350737199996,1553.77,2863669248
fabric,1,benchmark,550.922704303,366.17502748600003,1555.07,2863681536
fabric,1,benchmark,551.17034882,366.42267200299995,1555.94,2863681536
fabric,1,benchmark,551.420809785,366.67313296799995,1556.83,2863681536
fabric,1,benchmark,551.670995438,366.92331862099996,1557.96,2863763456
fabric,1,benchmark,551.921403281,367.173726464,1559.76,2863763456
fabric,1,benchmark,552.171801464,367.42412464700004,1560.89,2863763456
fabric,1,benchmark,552.422052819,367.674376002,1561.98,2863763456
fabric,1,benchmark,552.67219162,367.924514803,1562.74,2863763456
fabric,1,benchmark,552.922705618,368.175028801,1564.53,2863779840
fabric,1,benchmark,553.173677597,368.42600078000004,1565.37,2863783936
fabric,1,benchmark,553.423416509,368.67573969200004,1566.39,2863792128
fabric,1,benchmark,553.673424554,368.925747737,1567.8,2863792128
fabric,1,benchmark,553.923514883,369.17583806600004,1568.52,2863792128
fabric,1,benchmark,554.173764598,369.42608778100004,1569.6,2863828992
fabric,1,benchmark,554.424177752,369.676500935,1570.64,2863828992
fabric,1,benchmark,554.67449325,369.92681643299994,1572.69,2863886336
fabric,1,benchmark,554.924509205,370.17683238800004,1573.28,2863886336
fabric,1,benchmark,555.174652626,370.426975809,1573.75,2863886336
fabric,1,benchmark,555.425020977,370.67734416,1575.75,2863890432
fabric,1,benchmark,555.675115007,370.92743819000003,1576.18,2863898624
fabric,1,benchmark,555.925593203,371.17791638599994,1577.54,2863939584
fabric,1,benchmark,556.175911472,371.42823465500004,1578.38,2863947776
fabric,1,benchmark,556.426154997,371.67847818,1580.06,2864037888
fabric,1,benchmark,556.676445185,371.928768368,1580.91,2864037888
fabric,1,benchmark,556.926753913,372.17907709599996,1582.48,2864091136
fabric,1,benchmark,557.177376286,372.429699469,1584.47,2864091136
fabric,1,benchmark,557.427329318,372.679652501,1584.89,2864091136
fabric,1,benchmark,557.677784133,372.93010731600003,1586.34,2864095232
fabric,1,benchmark,557.928249319,373.18057250199996,1587.15,2864095232
fabric,1,benchmark,558.178418891,373.43074207399997,1588.64,2864132096
fabric,1,benchmark,558.428476388,373.680799571,1589.67,2864132096
fabric,1,benchmark,558.678845459,373.93116864199993,1590.64,2864132096
fabric,1,benchmark,558.929743055,374.182066238,1591.66,2864140288
fabric,1,benchmark,559.1793231,374.431646283,1592.96,2864148480
fabric,1,benchmark,559.429591686,374.68191486899997,1593.73,2864148480
fabric,1,benchmark,559.679932176,374.93225535899995,1595.43,2864156672
fabric,1,benchmark,559.93014012,375.182463303,1595.99,2864156672
fabric,1,benchmark,560.181252995,375.433576178,1597.99,2864209920
fabric,1,benchmark,560.431465349,375.68378853199994,1598.77,2864209920
fabric,1,benchmark,560.681744606,375.93406778900004,1599.8,2864209920
fabric,1,benchmark,560.932016273,376.18433945600003,1601.1,2864209920
fabric,1,benchmark,561.182003416,376.43432659900003,1602.02,2864209920
fabric,1,benchmark,561.432608198,376.684931381,1603.15,2864209920
fabric,1,benchmark,561.682833783,376.93515696599997,1604.7,2864234496
fabric,1,benchmark,561.933237996,377.185561179,1605.73,2864234496
fabric,1,benchmark,562.1843375,377.43666068299996,1606.65,2864254976
fabric,1,benchmark,562.43401963,377.68634281299995,1608.03,2864254976
fabric,1,benchmark,562.684719976,377.937043159,1608.84,2864254976
fabric,1,benchmark,562.935298257,378.18762144,1610.37,2864259072
fabric,1,benchmark,563.185472679,378.437795862,1611.68,2864259072
fabric,1,benchmark,563.435824889,378.68814807199993,1612.25,2864259072
fabric,1,benchmark,563.685852655,378.93817583799995,1613.75,2864259072
fabric,1,benchmark,563.936212325,379.18853550800003,1614.53,2864259072
fabric,1,benchmark,564.186485562,379.438808745,1616.52,2864340992
fabric,1,benchmark,564.436692566,379.689015749,1616.9,2864340992
fabric,1,benchmark,564.686845397,379.93916857999994,1617.63,2864340992
fabric,1,benchmark,564.937276181,380.189599364,1618.7,2864340992
fabric,1,benchmark,565.187994578,380.440317761,1619.72,2864402432
fabric,1,benchmark,565.438371429,380.69069461199996,1621.17,2864390144
fabric,1,benchmark,565.688211936,380.940535119,1621.93,2864390144
fabric,1,benchmark,565.938585277,381.19090846,1623.68,2864447488
fabric,1,benchmark,566.188878835,381.44120201799996,1624.69,2864447488
fabric,1,benchmark,566.439083319,381.691406502,1625.59,2864447488
fabric,1,benchmark,566.690677616,381.943000799,1626.63,2864488448
fabric,1,benchmark,566.939752788,382.19207597099995,1627.77,2864488448
fabric,1,benchmark,567.19014038,382.442463563,1628.46,2864488448
fabric,1,benchmark,567.442503392,382.69482657500004,1629.88,2864521216
fabric,1,benchmark,567.690793858,382.943117041,1631.21,2864582656
fabric,1,benchmark,567.941046393,383.19336957599995,1632.54,2864582656
fabric,1,benchmark,568.191453686,383.44377686900003,1633.54,2864619520
fabric,1,benchmark,568.441922442,383.69424562499995,1634.41,2864631808
fabric,1,benchmark,568.692352796,383.944675979,1635.73,2864664576
fabric,1,benchmark,568.942480325,384.194803508,1637.16,2864664576
fabric,1,benchmark,569.192734631,384.445057814,1638.07,2864664576
fabric,1,benchmark,569.443241499,384.695564682,1639.41,2864697344
fabric,1,benchmark,569.693123097,384.94544628,1640.9,2864701440
fabric,1,benchmark,569.943509839,385.19583302199993,1641.65,2864709632
fabric,1,benchmark,570.195081435,385.447404618,1642.69,2864709632
fabric,1,benchmark,570.446148028,385.698471211,1643.79,2864709632
fabric,1,benchmark,570.696246187,385.94856937000003,1644.7,2864713728
fabric,1,benchmark,570.946633158,386.19895634100004,1645.82,2864730112
fabric,1,benchmark,571.196886084,386.44920926699996,1646.79,2864742400
fabric,1,benchmark,571.447041865,386.69936504799995,1647.71,2864746496
fabric,1,benchmark,571.698681975,386.951005158,1649.06,2864766976
fabric,1,benchmark,571.948810855,387.201134038,1649.58,2864766976
fabric,1,benchmark,572.199025318,387.45134850100004,1650.54,2864766976
fabric,1,benchmark,572.449393009,387.701716192,1651.58,2864766976
fabric,1,benchmark,572.699701138,387.952024321,1653.33,2864766976
fabric,1,benchmark,572.950040627,388.20236381,1654.3,2864775168
fabric,1,benchmark,573.200262611,388.45258579399996,1655.56,2864779264
fabric,1,benchmark,573.450608531,388.70293171399993,1656.38,2864779264
fabric,1,benchmark,573.701119569,388.95344275199994,1657.81,2864779264
fabric,1,benchmark,573.951022278,389.20334546099997,1658.92,2864779264
fabric,1,benchmark,574.201942144,389.454265327,1660.01,2864779264
fabric,1,benchmark,574.452344047,389.70466723,1661.18,2864783360
fabric,1,benchmark,574.702427475,389.954750658,1662.83,2864783360
fabric,1,benchmark,574.953046967,390.20537014999996,1663.54,2864803840
fabric,1,benchmark,575.203204898,390.45552808099995,1664.79,2864803840
fabric,1,benchmark,575.453432963,390.70575614599994,1665.42,2864807936
fabric,1,benchmark,575.70371607,390.95603925300003,1666.3,2864807936
fabric,1,benchmark,575.954201756,391.20652493899996,1667.47,2864824320
fabric,1,benchmark,576.204445821,391.456769004,1668.55,2864824320
fabric,1,benchmark,576.45498932,391.70731250299997,1669.3,2864824320
fabric,1,benchmark,576.705375022,391.957698205,1670.61,2864840704
fabric,1,benchmark,576.955585765,392.207908948,1671.66,2864840704
fabric,1,benchmark,577.205417822,392.45774100499995,1672.22,2864840704
fabric,1,benchmark,577.456029254,392.708352437,1674.32,2864848896
fabric,1,benchmark,577.706357403,392.95868058599996,1675.33,2864848896
fabric,1,benchmark,577.956395729,393.20871891199994,1676.61,2864852992
fabric,1,benchmark,578.20654923,393.45887241299994,1677.48,2864852992
fabric,1,benchmark,578.456870338,393.70919352100003,1678.64,2864852992
fabric,1,benchmark,578.707172786,393.959495969,1679.58,2864861184
fabric,1,benchmark,578.95760834,394.20993152299997,1680.45,2864861184
fabric,1,benchmark,579.208248793,394.46057197600004,1682.23,2864877568
fabric,1,benchmark,579.458656946,394.710980129,1682.93,2864877568
fabric,1,benchmark,579.708902461,394.96122564399997,1684.14,2864877568
fabric,1,benchmark,579.959909151,395.212232334,1685.21,2864918528
fabric,1,benchmark,580.210032011,395.46235519399994,1686.01,2864918528
fabric,1,benchmark,580.460270606,395.712593789,1687.29,2864918528
fabric,1,benchmark,580.710678588,395.96300177099994,1688.16,2864918528
fabric,1,benchmark,580.961017858,396.213341041,1689.23,2864934912
fabric,1,benchmark,581.211370558,396.463693741,1690.32,2864934912
fabric,1,benchmark,581.461520139,396.71384332199995,1691.16,2864934912
fabric,1,benchmark,581.71189807,396.96422125299995,1692.55,2864955392
fabric,1,benchmark,581.962110964,397.21443414699996,1693.45,2864955392
fabric,1,benchmark,582.21259854,397.46492172300003,1695.21,2864975872
fabric,1,benchmark,582.462792503,397.71511568599993,1696.38,2864975872
fabric,1,benchmark,582.713085059,397.965408242,1697.19,2864979968
fabric,1,benchmark,582.963265611,398.215588794,1698.5,2864988160
fabric,1,benchmark,583.213658163,398.465981346,1699.6,2864988160
fabric,1,benchmark,583.464316697,398.71663987999995,1700.86,2865033216
fabric,1,benchmark,583.714155864,398.96647904699995,1702.93,2865033216
fabric,1,benchmark,583.964149698,399.216472881,1703.3,2865033216
fabric,1,benchmark,584.214444785,399.46676796799994,1704.51,2865061888
fabric,1,benchmark,584.464976983,399.71730016600003,1705.68,2865061888
fabric,1,benchmark,584.715145695,399.96746887800003,1706.44,2865061888
fabric,1,benchmark,584.965485054,400.21780823700004,1707.79,2865070080
fabric,1,benchmark,585.215844155,400.468167338,1708.75,2865070080
fabric,1,benchmark,585.466122431,400.718445614,1709.93,2865070080
fabric,1,benchmark,585.716534854,400.96885803699996,1711.28,2865078272
fabric,1,benchmark,585.967145856,401.219469039,1712.3,2865078272
fabric,1,benchmark,586.217111728,401.46943491099995,1713.91,2865098752
fabric,1,benchmark,586.467365124,401.719688307,1715.09,2865098752
fabric,1,benchmark,586.71764832,401.96997150299995,1716.53,2865098752
fabric,1,benchmark,586.968025152,402.220348335,1717.53,2865123328
fabric,1,benchmark,587.218400493,402.470723676,1718.49,2865123328
fabric,1,benchmark,587.468586655,402.72090983799995,1720.19,2865139712
fabric,1,benchmark,587.719036839,402.97136002199994,1721.45,2865139712
fabric,1,benchmark,587.969148098,403.221471281,1722.36,2865139712
fabric,1,benchmark,588.219438436,403.471761619,1724.05,2865176576
fabric,1,benchmark,588.470237616,403.72256079899995,1725.5,2865221632
fabric,1,benchmark,588.720529913,403.97285309599994,1726.69,2865221632
fabric,1,benchmark,588.970889393,404.223212576,1727.54,2865221632
fabric,1,benchmark,589.223867913,404.47619109600004,1728.61,2865266688
fabric,1,benchmark,589.471603074,404.72392625699996,1729.82,2865266688
fabric,1,benchmark,589.72209764,404.974420823,1731.08,2865266688
fabric,1,benchmark,589.972712972,405.22503615499994,1732.34,2865266688
fabric,1,benchmark,590.222565329,405.47488851199995,1733.64,2865299456
fabric,1,benchmark,590.472877387,405.72520057,1734.57,2865299456
fabric,1,benchmark,590.723406325,405.97572950800003,1735.79,2865324032
fabric,1,benchmark,590.973519655,406.225842838,1737.23,2865324032
fabric,1,benchmark,591.223472706,406.47579588900004,1738.11,2865324032
fabric,1,benchmark,591.473819356,406.726142539,1739.59,2865336320
fabric,1,benchmark,591.724118873,406.97644205599994,1740.07,2865336320
fabric,1,benchmark,591.974307536,407.22663071899996,1741.39,2865340416
fabric,1,benchmark,592.224468617,407.47679179999994,1742.56,2865348608
fabric,1,benchmark,592.474811176,407.727134359,1743.73,2865352704
fabric,1,benchmark,592.726008385,407.978331568,1744.94,2865360896
fabric,1,benchmark,592.975289706,408.227612889,1747.12,2865373184
fabric,1,benchmark,593.225343142,408.47766632500003,1747.8,2865373184
fabric,1,benchmark,593.475573876,408.727897059,1749.02,2865373184
fabric,1,benchmark,593.725919266,408.978242449,1749.94,2865373184
fabric,1,benchmark,593.976207423,409.228530606,1750.95,2865389568
fabric,1,benchmark,594.226098892,409.47842207499997,1751.91,2865389568
fabric,1,benchmark,594.476472493,409.72879567599995,1752.91,2865389568
fabric,1,benchmark,594.7274296,409.97975278300004,1753.86,2865405952
fabric,1,benchmark,594.983858838,410.23618202099993,1755.05,2865405952
fabric,1,benchmark,595.234013219,410.48633640199995,1756.02,2865405952
fabric,1,benchmark,595.48614704,410.738470223,1757.25,2865426432
fabric,1,benchmark,595.73475451,410.987077693,1758.53,2865426432
fabric,1,benchmark,595.985069068,411.237392251,1760.06,2865451008
fabric,1,benchmark,596.235296073,411.48761925599996,1761.15,2865451008
fabric,1,benchmark,596.485511096,411.73783427899997,1762.27,2865467392
fabric,1,benchmark,596.735916058,411.98823924100003,1763.42,2865467392
fabric,1,benchmark,596.986277339,412.238600522,1764.63,2865467392
fabric,1,benchmark,597.23645099,412.48877417299997,1765.64,2865491968
fabric,1,benchmark,597.486745707,412.73906888999994,1767.32,2865557504
fabric,1,benchmark,597.737182201,412.989505384,1768.29,2865565696
fabric,1,benchmark,597.987527971,413.23985115399995,1769.05,2865565696
fabric,1,benchmark,598.237792867,413.49011605000004,1769.84,2865565696
fabric,1,benchmark,598.487705766,413.74002894899996,1771,2865614848
fabric,1,benchmark,598.737991033,413.99031421599994,1771.92,2865614848
fabric,1,benchmark,598.988430317,414.24075350000004,1772.99,2865614848
fabric,1,benchmark,599.23863771,414.490960893,1774.07,2865668096
fabric,1,benchmark,599.488842023,414.74116520599995,1775.05,2865668096
fabric,1,benchmark,599.739149371,414.99147255400004,1776.23,2865680384
fabric,1,benchmark,599.989461479,415.24178466200004,1777.47,2865696768
fabric,1,benchmark,600.239860291,415.492183474,1778.49,2865696768
fabric,1,benchmark,600.490840359,415.743163542,1779.47,2865745920
fabric,1,benchmark,600.741475322,415.99379850500003,1780.89,2865750016
fabric,1,benchmark,600.992158007,416.24448118999993,1782.05,2865754112
fabric,1,benchmark,601.242189122,416.494512305,1782.99,2865754112
fabric,1,benchmark,601.492330612,416.74465379500003,1783.99,2865754112
fabric,1,benchmark,601.742751155,416.99507433799994,1785.29,2865803264
fabric,1,benchmark,601.995420251,417.24774343400003,1786.36,2865827840
fabric,1,benchmark,602.243478376,417.495801559,1788.11,2865827840
fabric,1,benchmark,602.493745842,417.74606902499994,1789.1,2865827840
fabric,1,benchmark,602.74406639,417.99638957299993,1789.9,2865848320
fabric,1,benchmark,602.994482773,418.24680595599995,1790.94,2865872896
fabric,1,benchmark,603.244388532,418.496711715,1791.83,2865872896
fabric,1,benchmark,603.496911451,418.74923463399995,1792.77,2865876992
fabric,1,benchmark,603.744883412,418.997206595,1793.87,2865885184
fabric,1,benchmark,603.995305675,419.24762885800004,1794.84,2865893376
fabric,1,benchmark,604.245445755,419.497768938,1795.54,2865893376
fabric,1,benchmark,604.49568836,419.748011543,1796.57,2865917952
fabric,1,benchmark,604.745777157,419.99810034,1797.3,2865917952
fabric,1,benchmark,604.995962209,420.248285392,1798.06,2865917952
fabric,1,benchmark,605.246041436,420.49836461900003,1798.91,2865917952
fabric,1,benchmark,605.496440738,420.74876392100003,1799.9,2865934336
fabric,1,benchmark,605.746720995,420.999044178,1800.76,2865934336
fabric,1,benchmark,605.996984701,421.24930788399996,1801.6,2865934336
fabric,1,benchmark,606.247010755,421.499333938,1802.86,2865958912
fabric,1,benchmark,606.49746453,421.749787713,1803.76,2865958912
fabric,1,benchmark,606.747539997,421.99986318,1804.43,2865958912
fabric,1,benchmark,606.997871096,422.250194279,1805.36,2865958912
fabric,1,benchmark,607.248010916,422.500334099,1806.47,2865991680
fabric,1,benchmark,607.498310333,422.75063351599994,1807.37,2865991680
fabric,1,benchmark,607.748543557,423.00086673999994,1808.18,2865991680
fabric,1,benchmark,607.998813323,423.251136506,1809.1,2866024448
fabric,1,benchmark,608.249020006,423.501343189,1809.78,2866024448
fabric,1,benchmark,608.499414448,423.751737631,1810.71,2866024448
fabric,1,benchmark,608.749481794,424.00180497699995,1811.39,2866024448
fabric,1,benchmark,608.999930918,424.252254101,1812.64,2866040832
fabric,1,benchmark,609.249830737,424.50215392,1813.07,2866040832
fabric,1,benchmark,609.500180226,424.752503409,1813.89,2866040832
fabric,1,benchmark,609.750466983,425.002790166,1815.44,2866049024
fabric,1,benchmark,610.000869115,425.253192298,1816.36,2865999872
fabric,1,benchmark,610.252764215,425.50508739799994,1817.7,2866003968
fabric,1,benchmark,610.502516997,425.75484018000003,1818.86,2866008064
fabric,1,benchmark,610.752860657,426.00518384000003,1819.71,2866008064
fabric,1,benchmark,611.003248108,426.25557129099997,1820.58,2866008064
fabric,1,benchmark,611.25343272,426.50575590299997,1822.01,2866024448
fabric,1,benchmark,611.504047391,426.75637057399996,1822.98,2866028544
fabric,1,benchmark,611.754269865,427.00659304799996,1823.61,2866028544
fabric,1,benchmark,612.00452351,427.256846693,1824.73,2866049024
fabric,1,benchmark,612.254748284,427.507071467,1825.68,2866049024
fabric,1,benchmark,612.505139196,427.75746237899995,1826.79,2866049024
fabric,1,benchmark,612.755445253,428.00776843599994,1827.9,2867552256
fabric,1,benchmark,613.005794783,428.25811796600004,1828.85,2867552256
fabric,1,benchmark,613.256060438,428.50838362099995,1829.64,2867552256
fabric,1,benchmark,613.506355045,428.75867822799995,1830.41,2867552256
fabric,1,benchmark,613.756722405,429.009045588,1831.32,2874093568
fabric,1,benchmark,614.007060134,429.25938331699996,1832,2874499072
fabric,1,benchmark,614.257412294,429.509735477,1832.78,2874499072
fabric,1,benchmark,614.507718212,429.760041395,1833.55,2874499072
fabric,1,benchmark,614.758176886,430.010500069,1834.7,2874695680
fabric,1,benchmark,615.008330156,430.26065333900004,1835.41,2874695680
fabric,1,benchmark,615.258746159,430.511069342,1836.2,2874699776
fabric,1,benchmark,615.509064017,430.7613872,1836.85,2874699776
fabric,1,benchmark,615.759721371,431.01204455399994,1837.6,2874699776
fabric,1,benchmark,616.009777377,431.26210055999996,1838.97,2875011072
fabric,1,benchmark,616.26000365,431.51232683300003,1839.73,2875011072
fabric,1,benchmark,616.510285157,431.76260834,1840.52,2875011072
fabric,1,benchmark,616.760641257,432.01296443999996,1841.4,2875011072
fabric,1,benchmark,617.010914672,432.263237855,1842.23,2878713856
fabric,1,benchmark,617.261130626,432.51345380899994,1842.87,2878713856
fabric,1,benchmark,617.511543008,432.763866191,1843.53,2878713856
fabric,1,benchmark,617.761931479,433.01425466200004,1844.28,2878713856
fabric,1,benchmark,618.012172154,433.264495337,1845.2,2895507456
fabric,1,benchmark,618.262782595,433.51510577799996,1845.82,2895507456
fabric,1,benchmark,618.512973917,433.76529709999994,1846.58,2895507456
fabric,1,benchmark,618.763496325,434.015819508,1847.25,2895507456
fabric,1,benchmark,619.013764121,434.266087304,1847.95,2895507456
fabric,1,benchmark,619.263850008,434.51617319099995,1848.87,2909302784
fabric,1,benchmark,619.51403987,434.766363053,1849.49,2909339648
fabric,1,benchmark,619.764444042,435.016767225,1850.26,2909282304
fabric,1,benchmark,620.014720048,435.26704323099995,1851.17,2909282304
fabric,1,benchmark,620.265020155,435.517343338,1852.18,2909302784
fabric,1,benchmark,620.515067831,435.767391014,1853.07,2909302784
fabric,1,benchmark,620.765260913,436.017584096,1853.98,2909302784
fabric,1,benchmark,621.015736658,436.268059841,1854.9,2909302784
fabric,1,benchmark,621.265954991,436.51827817399993,1856.49,2911641600
fabric,1,benchmark,621.516255039,436.76857822200003,1857.35,2911641600
fabric,1,benchmark,621.766473922,437.01879710500003,1858.18,2911641600
fabric,1,benchmark,622.016824381,437.269147564,1859.01,2911641600
fabric,1,benchmark,622.267194022,437.519517205,1859.98,2924974080
fabric,1,benchmark,622.517570252,437.76989343500003,1861.1,2925408256
fabric,1,benchmark,622.768377083,438.020700266,1862.35,2946273280
fabric,1,benchmark,623.017991229,438.270314412,1864.87,3079065600
fabric,1,benchmark,623.268406101,438.52072928399997,1865.73,3079065600
fabric,1,benchmark,623.518515889,438.770839072,1866.66,3079065600
fabric,1,benchmark,623.768817196,439.021140379,1868,3079839744
fabric,1,benchmark,624.019007688,439.271330871,1868.93,3079860224
fabric,1,benchmark,624.269455222,439.521778405,1870.11,3079860224
fabric,1,benchmark,624.519595222,439.771918405,1871.4,3085307904
fabric,1,benchmark,624.769881289,440.02220447199994,1872.29,3086106624
fabric,1,benchmark,625.020168685,440.27249186800003,1873.31,3086106624
fabric,1,benchmark,625.270548116,440.522871299,1874.28,3086110720
fabric,1,benchmark,625.52100594,440.773329123,1875.65,3086114816
fabric,1,benchmark,625.770809464,441.02313264699995,1876.55,3086118912
fabric,1,benchmark,626.021265689,441.27358887199995,1877.44,3086131200
fabric,1,benchmark,626.27144585,441.52376903299995,1878.36,3086139392
fabric,1,benchmark,626.521785799,441.774108982,1879.04,3086163968
fabric,1,benchmark,626.771805923,442.024129106,1880.28,3086172160
fabric,1,benchmark,627.022239216,442.274562399,1880.72,3086172160
fabric,1,benchmark,627.272535933,442.52485911599996,1881.45,3086172160
fabric,1,benchmark,627.52348278,442.775805963,1882.53,3088896000
fabric,1,benchmark,627.774666917,443.0269901,1883.04,3088896000
fabric,1,benchmark,628.024937033,443.277260216,1883.84,3088896000
fabric,1,benchmark,628.275193288,443.52751647099996,1884.63,3088896000
fabric,1,benchmark,628.525301076,443.777624259,1885.04,3088896000
fabric,1,benchmark,628.775848495,444.028171678,1886.52,3088957440
fabric,1,benchmark,629.026072278,444.278395461,1887.22,3088957440
fabric,1,benchmark,629.27647701,444.528800193,1888.11,3088957440
fabric,1,benchmark,629.526593029,444.77891621199996,1888.5,3088957440
fabric,1,benchmark,629.776857834,445.029181017,1889.62,3088982016
fabric,1,benchmark,630.026788044,445.279111227,1889.99,3088982016
fabric,1,benchmark,630.277120853,445.52944403600003,1890.76,3088982016
fabric,1,benchmark,630.527546525,445.77986970800004,1891.14,3088982016
fabric,1,benchmark,630.777925786,446.03024896899996,1891.87,3088982016
fabric,1,benchmark,631.02838311,446.28070629300004,1892.59,3090235392
fabric,1,benchmark,631.278052629,446.53037581199993,1893.69,3091922944
fabric,1,benchmark,631.52822993,446.78055311299994,1894.54,3091922944
fabric,1,benchmark,631.778613611,447.03093679399996,1895.27,3091922944
fabric,1,benchmark,632.028999602,447.281322785,1896.85,3093381120
fabric,1,benchmark,632.278933742,447.53125692500004,1897.72,3093417984
fabric,1,benchmark,632.529285661,447.781608844,1898.26,3093417984
fabric,1,benchmark,632.77962122,448.03194440299995,1899.17,3093467136
fabric,1,benchmark,633.029950848,448.282274031,1900.11,3093471232
fabric,1,benchmark,633.28034946,448.532672643,1900.87,3093471232
fabric,1,benchmark,633.530661227,448.78298441,1901.76,3093471232
fabric,1,benchmark,633.782052334,449.034375517,1902.38,3093471232
fabric,1,benchmark,634.031400607,449.28372379,1903.64,3093475328
fabric,1,benchmark,634.281968177,449.53429135999994,1904.12,3093475328
fabric,1,benchmark,634.531713448,449.784036631,1904.93,3093475328
fabric,1,benchmark,634.782151951,450.03447513399993,1905.37,3093475328
fabric,1,benchmark,635.032349904,450.28467308699993,1906.35,3093475328
fabric,1,benchmark,635.282533995,450.534857178,1907.76,3093491712
fabric,1,benchmark,635.532641964,450.78496514700004,1908.56,3025145856
fabric,1,benchmark,635.7829299,451.035253083,1910.15,3025174528
fabric,1,benchmark,636.033288091,451.285611274,1911.16,3025174528
fabric,1,benchmark,636.283661902,451.53598508499994,1912.22,3025186816
fabric,1,benchmark,636.533917896,451.78624107900004,1913.34,3025195008
fabric,1,benchmark,636.784445844,452.03676902699993,1913.99,3025195008
fabric,1,benchmark,637.03472694,452.28705012300003,1914.89,3025195008
fabric,1,benchmark,637.285012836,452.53733601899995,1916.3,3025264640
fabric,1,benchmark,637.535230459,452.787553642,1917.33,3025264640
fabric,1,benchmark,637.785265374,453.037588557,1918.02,3025264640
fabric,1,benchmark,638.035642974,453.28796615699997,1919.03,3025264640
fabric,1,benchmark,638.28613113,453.53845431299993,1920.14,3025285120
fabric,1,benchmark,638.536393265,453.788716448,1920.71,2939801600
fabric,1,benchmark,638.786455121,454.038778304,1921.97,2939801600
fabric,1,benchmark,639.036730377,454.28905356,1922.85,2939801600
fabric,1,benchmark,639.287106617,454.53942979999994,1923.78,2939805696
fabric,1,benchmark,639.537391264,454.789714447,1924.83,2939809792
fabric,1,benchmark,639.787519233,455.039842416,1925.49,2939809792
fabric,1,benchmark,640.041790281,455.29411346399996,1926.43,2939809792
fabric,1,benchmark,640.288007001,455.54033018399997,1927.37,2939817984
fabric,1,benchmark,640.538368341,455.790691524,1928.36,2939817984
fabric,1,benchmark,640.788619305,456.040942488,1929.46,2939817984
fabric,1,benchmark,641.040349808,456.29267299099996,1931.34,2939826176
fabric,1,benchmark,641.289282792,456.541605975,1932.65,2922754048
fabric,1,benchmark,641.539401721,456.791724904,1932.93,2922754048
fabric,1,benchmark,641.789840784,457.042163967,1933.41,2922762240
fabric,1,benchmark,642.040482186,457.29280536899995,1934.82,2922790912
fabric,1,benchmark,642.291093787,457.54341697,1935.89,2922790912
fabric,1,benchmark,642.541007567,457.79333074999994,1936.58,2922790912
fabric,1,benchmark,642.791364286,458.04368746899996,1937.82,2922795008
fabric,1,benchmark,643.041582099,458.293905282,1938.71,2922811392
fabric,1,benchmark,643.291899997,458.54422317999996,1939.97,2922848256
fabric,1,benchmark,643.542194083,458.794517266,1940.42,2922848256
fabric,1,benchmark,643.792667938,459.044991121,1942.07,2922848256
fabric,1,benchmark,644.042971745,459.29529492800003,1942.77,2922848256
fabric,1,benchmark,644.29322096,459.545544143,1943.67,2922848256
fabric,1,benchmark,644.543392081,459.79571526399997,1944.51,2922848256
fabric,1,benchmark,644.793898857,460.04622204000003,1946.7,2922872832
fabric,1,benchmark,645.044284588,460.29660777099997,1947.28,2922872832
fabric,1,benchmark,645.294566904,460.546890087,1948,2922905600
fabric,1,benchmark,645.544872911,460.79719609399996,1949.68,2922917888
fabric,1,benchmark,645.795308784,461.047631967,1950.31,2922917888
fabric,1,benchmark,646.045507476,461.297830659,1951.35,2922917888
fabric,1,benchmark,646.295856445,461.548179628,1952.68,2922917888
fabric,1,benchmark,646.546090959,461.798414142,1953.59,2922917888
fabric,1,benchmark,646.798785455,462.051108638,1954.36,2922917888
fabric,1,benchmark,647.046780586,462.29910376899994,1955.19,2922917888
fabric,1,benchmark,647.29723837,462.54956155299993,1956.38,2922926080
fabric,1,benchmark,647.547112338,462.799435521,1956.94,2922926080
fabric,1,benchmark,647.797487998,463.04981118099994,1957.83,2922926080
fabric,1,benchmark,648.047865508,463.30018869099996,1958.48,2922926080
fabric,1,benchmark,648.29825951,463.55058269299997,1959.4,2922934272
fabric,1,benchmark,648.548344406,463.80066758899994,1960.06,2922934272
fabric,1,benchmark,648.79834903,464.05067221300004,1960.62,2922934272
fabric,1,benchmark,649.048833155,464.301156338,1961.14,2922934272
fabric,1,benchmark,649.299008716,464.551331899,1963.97,2922962944
fabric,1,benchmark,649.54925674,464.801579923,1964.74,2922962944
fabric,1,benchmark,649.799753796,465.052076979,1965.75,2922962944
fabric,1,benchmark,650.050709183,465.30303236599997,1967.16,2922967040
fabric,1,benchmark,650.301760364,465.55408354699995,1968.54,2922967040
fabric,1,benchmark,650.552343304,465.804666487,1969.18,2922979328
fabric,1,benchmark,650.802506704,466.05482988700004,1970.17,2922979328
fabric,1,benchmark,651.052824182,466.305147365,1971.16,2922979328
fabric,1,benchmark,651.302924349,466.555247532,1972.19,2922979328
fabric,1,benchmark,651.553685167,466.80600835,1973.81,2922983424
fabric,1,benchmark,651.803947212,467.056270395,1974.73,2922983424
fabric,1,benchmark,652.054084201,467.306407384,1975.57,2922983424
fabric,1,benchmark,652.304374728,467.55669791099996,1976.7,2922999808
fabric,1,benchmark,652.557980445,467.810303628,1977.69,2923003904
fabric,1,benchmark,652.807097628,468.05942081099994,1979.36,2923008000
fabric,1,benchmark,653.057254518,468.309577701,1980.73,2923008000
fabric,1,benchmark,653.311989588,468.56431277099995,1981.74,2923008000
fabric,1,benchmark,653.558305462,468.810628645,1983.38,2923024384
fabric,1,benchmark,653.808789208,469.061112391,1984.25,2923024384
fabric,1,benchmark,654.058938577,469.31126176000004,1985.34,2923024384
fabric,1,benchmark,654.309265795,469.561588978,1986.24,2923024384
fabric,1,benchmark,654.559549871,469.81187305399993,1987.35,2923036672
fabric,1,benchmark,654.809852688,470.06217587099997,1988.73,2923036672
fabric,1,benchmark,655.060216618,470.312539801,1989.7,2923036672
fabric,1,benchmark,655.310521715,470.56284489800004,1991.07,2923073536
fabric,1,benchmark,655.56078307,470.81310625299994,1991.96,2923073536
fabric,1,benchmark,655.811094467,471.06341764999996,1993.14,2923073536
fabric,1,benchmark,656.06153898,471.313862163,1994.33,2923085824
fabric,1,benchmark,656.314232646,471.56655582900004,1997.43,2923122688
fabric,1,benchmark,656.562200726,471.814523909,1998.21,2923122688
fabric,1,benchmark,656.812460651,472.064783834,1998.58,2923122688
fabric,1,benchmark,657.062659483,472.31498266599993,1999.67,2923122688
fabric,1,benchmark,657.31296991,472.565293093,2000.62,2923126784
fabric,1,benchmark,657.563140681,472.81546386400004,2001.68,2923126784
fabric,1,benchmark,657.813503261,473.06582644400004,2002.64,2923126784
fabric,1,benchmark,658.063500644,473.315823827,2003.64,2923126784
fabric,1,benchmark,658.313754298,473.56607748100004,2005.27,2923126784
fabric,1,benchmark,658.564118698,473.816441881,2006.31,2923126784
fabric,1,benchmark,658.814494638,474.06681782100003,2007.45,2923126784
fabric,1,benchmark,659.064722211,474.317045394,2008.6,2923134976
fabric,1,benchmark,659.314930043,474.567253226,2009.41,2923134976
fabric,1,benchmark,659.565639429,474.81796261200003,2010.42,2923159552
fabric,1,benchmark,659.815954676,475.06827785900003,2012.4,2923159552
fabric,1,benchmark,660.066034283,475.318357466,2013.04,2923159552
fabric,1,benchmark,660.316890425,475.569213608,2014.39,2923188224
fabric,1,benchmark,660.56694959,475.819272773,2016.01,2923188224
fabric,1,benchmark,660.817374813,476.069697996,2016.54,2923188224
fabric,1,benchmark,661.067708871,476.320032054,2017.59,2923196416
fabric,1,benchmark,661.317796878,476.57012006099995,2018.63,2923200512
fabric,1,benchmark,661.568405369,476.82072855199993,2019.23,2923200512
fabric,1,benchmark,661.818828341,477.07115152399996,2020.35,2923200512
fabric,1,benchmark,662.068890586,477.32121376899994,2021.62,2923257856
fabric,1,benchmark,662.319195113,477.57151829599997,2022.56,2923257856
fabric,1,benchmark,662.569619616,477.82194279899994,2023.7,2923257856
fabric,1,benchmark,662.821437801,478.073760984,2025.63,2923274240
fabric,1,benchmark,663.070076491,478.322399674,2026.74,2923274240
fabric,1,benchmark,663.320243372,478.57256655500004,2027.35,2923274240
fabric,1,benchmark,663.570603371,478.82292655399993,2029.12,2923286528
fabric,1,benchmark,663.820794793,479.073117976,2030.39,2923286528
fabric,1,benchmark,664.071186923,479.323510106,2030.88,2923286528
fabric,1,benchmark,664.321638867,479.57396205000003,2032.02,2923409408
fabric,1,benchmark,664.572017327,479.82434051,2033.07,2923409408
fabric,1,benchmark,664.822601197,480.07492438,2034.61,2923479040
fabric,1,benchmark,665.072412141,480.32473532399996,2035.58,2927726592
fabric,1,benchmark,665.322778911,480.575102094,2036.47,2927726592
fabric,1,benchmark,665.573265096,480.825588279,2037.3,2927726592
fabric,1,benchmark,665.823601724,481.075924907,2038.33,2927734784
fabric,1,benchmark,666.073796576,481.32611975899994,2039.53,2927734784
fabric,1,benchmark,666.32405041,481.576373593,2040.43,2927734784
fabric,1,benchmark,666.574628129,481.82695131199995,2041.76,2927779840
fabric,1,benchmark,666.824856253,482.077179436,2042.47,2927779840
fabric,1,benchmark,667.075099077,482.32742226,2043.34,2927783936
fabric,1,benchmark,667.327686998,482.580010181,2044.54,2927857664
fabric,1,benchmark,667.576276846,482.82860002900003,2047.06,2927861760
fabric,1,benchmark,667.826540171,483.078863354,2047.81,2927955968
fabric,1,benchmark,668.076827327,483.32915051000003,2048.84,2927955968
fabric,1,benchmark,668.327041319,483.57936450200003,2050.21,2927984640
fabric,1,benchmark,668.577402549,483.829725732,2050.83,2927984640
fabric,1,benchmark,668.827702985,484.08002616799996,2051.89,2927984640
fabric,1,benchmark,669.078048914,484.33037209699995,2052.78,2927984640
fabric,1,benchmark,669.32833244,484.58065562300004,2053.79,2927984640
fabric,1,benchmark,669.578656027,484.83097920999995,2055.6,2928009216
fabric,1,benchmark,669.829015476,485.081338659,2056.71,2928017408
fabric,1,benchmark,670.079278401,485.331601584,2057.77,2928025600
fabric,1,benchmark,670.329441772,485.581764955,2058.92,2928025600
fabric,1,benchmark,670.579702796,485.832025979,2059.65,2928025600
fabric,1,benchmark,670.833760465,486.08608364799994,2061.44,2928058368
fabric,1,benchmark,671.084297672,486.33662085500004,2062.24,2928058368
fabric,1,benchmark,671.334452352,486.58677553499996,2063.02,2928058368
fabric,1,benchmark,671.584926156,486.83724933900004,2065.16,2928078848
fabric,1,benchmark,671.835082646,487.08740582900003,2066.26,2928078848
fabric,1,benchmark,672.085712228,487.338035411,2067.25,2928082944
fabric,1,benchmark,672.335947441,487.588270624,2068.22,2928082944
fabric,1,benchmark,672.586380484,487.83870366699995,2069.24,2928082944
fabric,1,benchmark,672.836472631,488.088795814,2070.14,2928082944
fabric,1,benchmark,673.087086592,488.339409775,2071.28,2928091136
fabric,1,benchmark,673.337342956,488.58966613900003,2072.36,2928091136
fabric,1,benchmark,673.587686045,488.84000922800004,2073.3,2928091136
fabric,1,benchmark,673.838130378,489.09045356099995,2074.73,2928111616
fabric,1,benchmark,674.08811852,489.34044170299995,2075.32,2928115712
fabric,1,benchmark,674.338251319,489.59057450200004,2077.73,2928115712
fabric,1,benchmark,674.588584097,489.84090727999995,2078.75,2928128000
fabric,1,benchmark,674.839434328,490.091757511,2079.52,2928128000
fabric,1,benchmark,675.093454265,490.345777448,2080.67,2928128000
fabric,1,benchmark,675.342487173,490.594810356,2081.83,2928201728
fabric,1,benchmark,675.593145696,490.84546887899995,2082.71,2928205824
fabric,1,benchmark,675.843265064,491.09558824699997,2083.82,2928205824
fabric,1,benchmark,676.094314395,491.34663757799996,2085.29,2928254976
fabric,1,benchmark,676.344764678,491.59708786100003,2086.18,2928254976
fabric,1,benchmark,676.595117197,491.84744038,2086.79,2928254976
fabric,1,benchmark,676.845456915,492.097780098,2088.51,2928263168
fabric,1,benchmark,677.095947981,492.348271164,2090.07,2928263168
fabric,1,benchmark,677.346178514,492.598501697,2090.34,2928263168
fabric,1,benchmark,677.599278448,492.85160163099994,2091.75,2928267264
fabric,1,benchmark,677.847036808,493.099359991,2092.89,2928275456
fabric,1,benchmark,678.097503023,493.34982620599993,2093.93,2928275456
fabric,1,benchmark,678.347875822,493.600199005,2094.93,2928279552
fabric,1,benchmark,678.598293574,493.85061675699995,2095.92,2928291840
fabric,1,benchmark,678.848701745,494.10102492799996,2096.89,2928291840
fabric,1,benchmark,679.099325076,494.351648259,2098.19,2928291840
fabric,1,benchmark,679.349306928,494.601630111,2099.35,2928300032
fabric,1,benchmark,679.599676998,494.85200018099994,2100.74,2928300032
fabric,1,benchmark,679.849958244,495.10228142700004,2101.53,2928304128
fabric,1,benchmark,680.103992181,495.35631536399995,2103.26,2928308224
fabric,1,benchmark,680.353032609,495.605355792,2104.76,2928308224
fabric,1,benchmark,680.603294754,495.855617937,2106.31,2928345088
fabric,1,benchmark,680.853829431,496.106152614,2106.59,2928345088
fabric,1,benchmark,681.103631465,496.355954648,2107.56,2928345088
fabric,1,benchmark,681.354540089,496.606863272,2108.45,2928345088
fabric,1,benchmark,681.603989046,496.856312229,2109.83,2928357376
fabric,1,benchmark,681.854260102,497.106583285,2110.72,2928357376
fabric,1,benchmark,682.10416428,497.35648746299995,2111.65,2928357376
fabric,1,benchmark,682.354585692,497.606908875,2112.65,2928357376
fabric,1,benchmark,682.604946191,497.85726937399994,2113.44,2928357376
fabric,1,benchmark,682.855504159,498.107827342,2114.11,2928357376
fabric,1,benchmark,683.105209908,498.357533091,2114.86,2928357376
fabric,1,benchmark,683.355493394,498.60781657699994,2115.87,2928357376
fabric,1,benchmark,683.605587841,498.857911024,2116.51,2928357376
fabric,1,benchmark,683.855929709,499.10825289199994,2117.04,2928357376
fabric,1,benchmark,684.108037978,499.36036116099996,2118.74,2928361472
fabric,1,benchmark,684.356830825,499.60915400799996,2121.9,2947248128
fabric,1,benchmark,684.60686158,499.859184763,2122.42,2947256320
fabric,1,benchmark,684.857343714,500.10966689699995,2123.37,2947256320
fabric,1,benchmark,685.107574107,500.35989729,2124.18,2947260416
fabric,1,benchmark,685.357714846,500.610038029,2124.96,2952343552
fabric,1,benchmark,685.608054984,500.86037816699996,2125.97,2952683520
fabric,1,benchmark,685.858294538,501.110617721,2126.72,2952683520
fabric,1,benchmark,686.108342613,501.360665796,2127.75,2952683520
fabric,1,benchmark,686.358719733,501.61104291600003,2128.27,2952683520
fabric,1,benchmark,686.609154575,501.86147775800004,2129.28,2952683520
fabric,1,benchmark,686.859318335,502.111641518,2129.89,2952683520
fabric,1,benchmark,687.109449344,502.361772527,2131.51,2952687616
fabric,1,benchmark,687.359726299,502.61204948200003,2132.23,2952687616
fabric,1,benchmark,687.610006534,502.862329717,2133.04,2952687616
fabric,1,benchmark,687.860232837,503.11255602,2134.14,2952695808
fabric,1,benchmark,688.11023799,503.36256117299996,2135.11,2952699904
fabric,1,benchmark,688.36061153,503.612934713,2137.4,2953195520
fabric,1,benchmark,688.610985459,503.86330864199994,2138.28,2953199616
fabric,1,benchmark,688.86137391,504.113697093,2138.6,2953199616
fabric,1,benchmark,689.11132616,504.36364934299996,2139.29,2953199616
fabric,1,benchmark,689.361614976,504.61393815900004,2140.39,2954129408
fabric,1,benchmark,689.611966854,504.864290037,2141.38,2954129408
fabric,1,benchmark,689.863592061,505.11591524399995,2142.27,2954129408
fabric,1,benchmark,690.112251042,505.364574225,2143.1,2954129408
fabric,1,benchmark,690.362268495,505.61459167799995,2144.14,2954129408
fabric,1,benchmark,690.612620974,505.864944157,2145.05,2954129408
fabric,1,benchmark,690.863723547,506.11604672999994,2145.84,2954129408
fabric,1,benchmark,691.112888671,506.36521185399994,2147.15,2954145792
fabric,1,benchmark,691.363290742,506.615613925,2148.14,2954149888
fabric,1,benchmark,691.613910793,506.86623397599993,2150.17,2954211328
fabric,1,benchmark,691.863773619,507.11609680199996,2151.48,2954317824
fabric,1,benchmark,692.113848605,507.36617178800003,2152.58,2954317824
fabric,1,benchmark,692.364797161,507.61712034399994,2153.19,2954326016
fabric,1,benchmark,692.614468279,507.866791462,2154.48,2958516224
fabric,1,benchmark,692.864678741,508.117001924,2155.77,2958516224
fabric,1,benchmark,693.114630121,508.366953304,2156.67,2958516224
fabric,1,benchmark,693.365082014,508.617405197,2157.7,2958569472
fabric,1,benchmark,693.615289546,508.867612729,2158.61,2958569472
fabric,1,benchmark,693.86553458,509.117857763,2159.5,2958569472
fabric,1,benchmark,694.115548633,509.367871816,2160.69,2958577664
fabric,1,benchmark,694.365944444,509.61826762699997,2162.09,2958622720
fabric,1,benchmark,694.61625486,509.868578043,2162.86,2958622720
fabric,1,benchmark,694.868248604,510.12057178699996,2164.52,2960363520
fabric,1,benchmark,695.116516027,510.36883921,2166.8,2960363520
fabric,1,benchmark,695.366967281,510.619290464,2167.12,2960363520
fabric,1,benchmark,695.617223175,510.86954635800004,2168.09,2969092096
fabric,1,benchmark,695.868084087,511.12040727000004,2169.22,2971340800
fabric,1,benchmark,696.118448766,511.370771949,2170.2,2971340800
fabric,1,benchmark,696.368449718,511.62077290099995,2171.03,2971340800
fabric,1,benchmark,696.618952314,511.871275497,2172.5,2975830016
fabric,1,benchmark,696.868877353,512.1212005360001,2173.42,2975830016
fabric,1,benchmark,697.119815918,512.3721391009999,2174.65,2975830016
fabric,1,benchmark,697.369640753,512.6219639359999,2175.73,2975866880
fabric,1,benchmark,697.619718788,512.872041971,2176.81,2975866880
fabric,1,benchmark,697.870041026,513.1223642089999,2178.01,2975875072
fabric,1,benchmark,698.123074777,513.3753979600001,2179.05,2975924224
fabric,1,benchmark,698.371373442,513.6236966250001,2181.81,2975924224
fabric,1,benchmark,698.621645546,513.8739687289999,2182.8,2975969280
fabric,1,benchmark,698.871579536,514.123902719,2183.14,2975969280
fabric,1,benchmark,699.121931585,514.3742547679999,2184.08,2975969280
fabric,1,benchmark,699.372307524,514.624630707,2185,2975969280
fabric,1,benchmark,699.622677043,514.8750002259999,2186.14,2975969280
fabric,1,benchmark,699.872735759,515.1250589419999,2187.18,2975973376
fabric,1,benchmark,700.123065166,515.3753883489999,2188.08,2975973376
fabric,1,benchmark,700.373469917,515.6257931,2188.91,2975973376
fabric,1,benchmark,700.623951961,515.8762751439999,2190.17,2975981568
fabric,1,benchmark,700.873994446,516.1263176289999,2191.28,2975981568
fabric,1,benchmark,701.124975673,516.3772988559999,2192.06,2975981568
fabric,1,benchmark,701.374713044,516.627036227,2192.76,2975981568
fabric,1,benchmark,701.62742745,516.879750633,2195.4,2975989760
fabric,1,benchmark,701.877271876,517.1295950589999,2197.6,2975989760
fabric,1,benchmark,702.127654575,517.379977758,2197.98,2975993856
fabric,1,benchmark,702.378206803,517.630529986,2198.84,2975993856
fabric,1,benchmark,702.628637635,517.880960818,2199.75,2975993856
fabric,1,benchmark,702.878877649,518.1312008319999,2200.73,2976026624
fabric,1,benchmark,703.12906717,518.3813903529999,2201.7,2976026624
fabric,1,benchmark,703.37946974,518.6317929229999,2202.95,2976026624
fabric,1,benchmark,703.629905543,518.882228726,2204.05,2976026624
fabric,1,benchmark,703.87999796,519.1323211429999,2205.5,2976026624
fabric,1,benchmark,704.130967076,519.383290259,2206.73,2976026624
fabric,1,benchmark,704.380374361,519.6326975439999,2207.71,2976026624
fabric,1,benchmark,704.634201849,519.886525032,2208.85,2976030720
fabric,1,benchmark,704.883259568,520.1355827509999,2211.2,2976051200
fabric,1,benchmark,705.133571405,520.3858945879999,2211.61,2976051200
fabric,1,benchmark,705.383914773,520.6362379560001,2212.49,2976051200
fabric,1,benchmark,705.634220069,520.8865432519999,2213.77,2976051200
fabric,1,benchmark,705.884797688,521.137120871,2215.2,2976063488
fabric,1,benchmark,706.134637133,521.3869603159999,2216.32,2976063488
fabric,1,benchmark,706.385144398,521.637467581,2217.25,2976063488
fabric,1,benchmark,706.635324649,521.8876478320001,2218.07,2976063488
fabric,1,benchmark,706.754109581,522.006432764,2218.33,2976083968
fabric,1,startup,706.88550313,522.137826313,2218.93,2976120832
fabric,1,startup,707.13568852,522.3880117030001,2219.2,2978705408
fabric,1,startup,707.386105522,522.638428705,2219.73,2989285376
fabric,1,startup,707.636521243,522.8888444259999,2219.84,2985205760
fabric,1,startup,707.886339176,523.1386623589999,2219.93,0
