server,run,phase,monotonic_seconds,benchmark_seconds,cpu_seconds,rss_bytes
steel,1,benchmark,0.251900735,0,3.19,135643136
steel,1,benchmark,0.337905958,0.08600522300000002,4.97,294367232
steel,1,benchmark,0.590273807,0.338373072,12.95,440057856
steel,1,benchmark,0.847176281,0.595275546,20.68,624287744
steel,1,benchmark,1.100194301,0.8482935659999999,28.1,720732160
steel,1,benchmark,1.34920209,1.097301355,35.82,844230656
steel,1,benchmark,1.600287368,1.348386633,43.64,961380352
steel,1,benchmark,1.851422114,1.599521379,51.35,1081712640
steel,1,benchmark,2.107526812,1.8556260770000002,59.07,1204027392
steel,1,benchmark,2.358468128,2.106567393,66.64,1331724288
steel,1,benchmark,2.613935252,2.362034517,74.07,1469812736
steel,1,benchmark,2.867728544,2.6158278090000002,81.76,1528438784
steel,1,benchmark,3.137811972,2.885911237,88.35,1656840192
steel,1,benchmark,3.366346127,3.114445392,96.04,1729056768
steel,1,benchmark,3.619323856,3.367423121,103.85,1845854208
steel,1,benchmark,3.877574158,3.625673423,111.41,1971740672
steel,1,benchmark,4.128319575,3.87641884,118.69,2079866880
steel,1,benchmark,4.392568172,4.140667436999999,126.81,2161254400
steel,1,benchmark,4.643962473,4.392061738000001,134.56,2273456128
steel,1,benchmark,4.897136304,4.6452355690000005,142.05,2399752192
steel,1,benchmark,5.144715341,4.892814606,149.32,2492928000
steel,1,benchmark,5.398647002,5.146746266999999,156.79,2568294400
steel,1,benchmark,5.64719521,5.395294475,162.62,2617978880
steel,1,benchmark,5.900007188,5.6481064530000005,170.29,2793926656
steel,1,benchmark,6.163873216,5.911972480999999,178.22,3043319808
steel,1,benchmark,6.418286788,6.166386053,185.8,3065204736
steel,1,benchmark,6.667075843,6.415175108,193.44,3069378560
steel,1,benchmark,6.922662683,6.670761948000001,201.01,3085787136
steel,1,benchmark,7.176939173,6.925038438,208.36,2648530944
steel,1,benchmark,7.433872443,7.181971708000001,216.04,2743472128
steel,1,benchmark,7.685349746,7.433449011,223.56,2845429760
steel,1,benchmark,7.93520232,7.683301585000001,230.78,2942201856
steel,1,benchmark,8.194245597,7.942344862000001,238.44,2942648320
steel,1,benchmark,8.438461355,8.18656062,244.34,2999410688
steel,1,benchmark,8.709489699,8.457588964000001,252.72,3120414720
steel,1,benchmark,8.966355417,8.714454682000001,260.53,3321487360
steel,1,benchmark,9.234558489,8.982657754,268.14,3170762752
steel,1,benchmark,9.498756352,9.246855617,276.16,3096264704
steel,1,benchmark,9.74919257,9.497291835,283.61,2975367168
steel,1,benchmark,9.995565534,9.743664799000001,290.97,2934702080
steel,1,benchmark,10.250388661,9.998487926000001,298.36,2916417536
steel,1,benchmark,10.501575226,10.249674491,305.33,2939514880
steel,1,benchmark,10.754579295,10.50267856,312.93,2967834624
steel,1,benchmark,11.010085123,10.758184388,319.11,2945617920
steel,1,benchmark,11.274852177,11.022951442,326.87,3071557632
steel,1,benchmark,11.518217539,11.266316804,334.48,3293044736
steel,1,benchmark,11.770643824,11.518743089,341.74,3307982848
steel,1,benchmark,12.020095101,11.768194366000001,348.27,3245137920
steel,1,benchmark,12.273641952,12.021741217,355.16,2742517760
steel,1,benchmark,12.523200045,12.27129931,362.48,2591383552
steel,1,benchmark,12.774729518,12.522828783,368.78,2691694592
steel,1,benchmark,13.036692146,12.784791411,376.47,2710732800
steel,1,benchmark,13.291552513,13.039651778,384.37,2915618816
steel,1,benchmark,13.540794675,13.288893940000001,391.89,2830311424
steel,1,benchmark,13.801093872,13.549193137,397.87,2865143808
steel,1,benchmark,14.057842824,13.805942089,405.61,2872025088
steel,1,benchmark,14.306648349,14.054747614,412.94,2519195648
steel,1,benchmark,14.557559364,14.305658629,419.94,2502230016
steel,1,benchmark,14.811926897,14.560026162,427.5,2588962816
steel,1,benchmark,15.063595418,14.811694683,434.62,2636787712
steel,1,benchmark,15.318299758,15.066399023,442.24,2696220672
steel,1,benchmark,15.567208584,15.315307849,448.95,2779123712
steel,1,benchmark,15.819442452,15.567541717000001,456.52,2885451776
steel,1,benchmark,16.070538729,15.818637994,464.03,2976407552
steel,1,benchmark,16.338093407,16.086192672,472.02,3015557120
steel,1,benchmark,16.594189925,16.34228919,479.46,3096719360
steel,1,benchmark,16.846390806,16.594490071,486.96,3185913856
steel,1,benchmark,17.097253077,16.845352342,494.75,3304529920
steel,1,benchmark,17.35294021,17.101039475,502.49,3295166464
steel,1,benchmark,17.614725122,17.362824387,510.57,3284606976
steel,1,benchmark,17.881138721,17.629237986,518.59,3342262272
steel,1,benchmark,18.13146694,17.879566205,526.08,3441713152
steel,1,benchmark,18.392394353,18.140493618,533.97,3481280512
steel,1,benchmark,18.641560591,18.389659856,541.42,3559694336
steel,1,benchmark,18.919550571,18.667649836,549.96,3794743296
steel,1,benchmark,19.171475239,18.919574504,557.69,3968811008
steel,1,benchmark,19.422150352,19.170249617,565.24,3961991168
steel,1,benchmark,19.674583556,19.422682821000002,572.67,3923316736
steel,1,benchmark,19.937742117,19.685841382,580.28,3870765056
steel,1,benchmark,20.189881922,19.937981187000002,587.76,3813761024
steel,1,benchmark,20.44264918,20.190748445,595.29,3816587264
steel,1,benchmark,20.693444504,20.441543769,602.71,4024684544
steel,1,benchmark,20.951977489,20.700076754,610.6,3963924480
steel,1,benchmark,21.207404962,20.955504227,618.07,3826298880
steel,1,benchmark,21.460267951,21.208367216,624.86,3786825728
steel,1,benchmark,21.707089283,21.455188548,632.27,3746258944
steel,1,benchmark,21.958852791,21.706952056000002,640.07,3815374848
steel,1,benchmark,22.220732417,21.968831682,647.97,4243406848
steel,1,benchmark,22.480719484,22.228818749000002,655.99,4177121280
steel,1,benchmark,22.733547505,22.48164677,663.42,4121493504
steel,1,benchmark,22.986561324,22.734660589,670.97,4137037824
steel,1,benchmark,23.23683206,22.984931325,678.39,3664646144
steel,1,benchmark,23.502544762,23.250644027,686.59,3525582848
steel,1,benchmark,23.764546587,23.512645852000002,694.69,3407110144
steel,1,benchmark,24.0265128,23.774612065,702.79,3499520000
steel,1,benchmark,24.282435276,24.030534541,709.67,3542208512
steel,1,benchmark,24.533840027,24.281939292,717.12,3591528448
steel,1,benchmark,24.788156727,24.536255992,724.33,3672932352
steel,1,benchmark,25.060344769,24.808444034,732.47,3815383040
steel,1,benchmark,25.332549851,25.080649116,739.87,4078891008
steel,1,benchmark,25.578287252,25.326386517,746.64,3935399936
steel,1,benchmark,25.828980458,25.577079723,751.6,3858100224
steel,1,benchmark,26.081911131,25.830010396,759.05,3862036480
steel,1,benchmark,26.337475631,26.085574896,766.71,3546918912
steel,1,benchmark,26.59858888,26.346688145,774.51,3307311104
steel,1,benchmark,26.865783643,26.613882908,782.59,3325792256
steel,1,benchmark,27.114011136,26.862110401,789.15,3367849984
steel,1,benchmark,27.375421277,27.123520542,795.82,3380928512
steel,1,benchmark,27.633722975,27.38182224,803.04,3436302336
steel,1,benchmark,27.886746374,27.634845639,809.71,3639267328
steel,1,benchmark,28.142585781,27.890685046,816.46,3651342336
steel,1,benchmark,28.391602761,28.139702026000002,822.61,3370024960
steel,1,benchmark,28.646287097,28.394386362,827.52,3322195968
steel,1,benchmark,28.898450817,28.646550082,834.68,3235074048
steel,1,benchmark,29.151500934,28.899600199,841.8,3245527040
steel,1,benchmark,29.403933749,29.152033014,848.95,3029712896
steel,1,benchmark,29.65920052,29.407299785,855.68,3046817792
steel,1,benchmark,29.91833985,29.666439115,863.28,3189018624
steel,1,benchmark,30.177547214,29.925646479,870.91,3361427456
steel,1,benchmark,30.439889831,30.187989096,878.47,3215441920
steel,1,benchmark,30.689980108,30.438079373,884.06,3167211520
steel,1,benchmark,30.944072921,30.692172186,891.49,3180281856
steel,1,benchmark,31.203997848,30.952097113,899.61,3271254016
steel,1,benchmark,31.462344503,31.210443768,907.48,3240288256
steel,1,benchmark,31.715024351,31.463123616,914.96,3121471488
steel,1,benchmark,31.964450647,31.712549912,920.45,3130777600
steel,1,benchmark,32.219103405,31.96720267,928.07,2889895936
steel,1,benchmark,32.469456159,32.217555424000004,935.66,2410778624
steel,1,benchmark,32.71974529,32.467844555,942.95,2188664832
steel,1,benchmark,32.838773885,32.58687315,946.11,2206580736
steel,1,startup,32.969406354,32.717505619,946.32,2207612928
steel,1,startup,33.219593986,32.967693251,946.62,2067845120
steel,1,startup,33.469885904,33.217985169,946.92,1916678144
steel,1,startup,33.720055063,33.468154328,947.22,1903415296
steel,1,startup,33.970323295,33.71842256,947.52,1903292416
steel,1,startup,34.220867792,33.968967057,947.64,1903370240
steel,1,startup,34.471284812,34.219384077,947.64,1903370240
steel,1,startup,34.721772364,34.469871629000004,947.64,1903370240
steel,1,startup,34.971907745,34.72000701,947.64,1903370240
fabric,1,startup,40.441057957,,0.7,126234624
fabric,1,startup,40.691369407,,1.48,199786496
fabric,1,startup,40.941454912,,2.87,443723776
fabric,1,startup,41.191623882,,3.87,512471040
fabric,1,startup,41.441783702,,5.03,535126016
fabric,1,startup,41.691997973,,6.28,557899776
fabric,1,startup,41.942875436,,7.88,640684032
fabric,1,startup,42.192659622,,9.65,714080256
fabric,1,startup,42.443078301,,10.45,730935296
fabric,1,startup,42.693500589,,11.26,767946752
fabric,1,startup,42.943605048,,12.97,808226816
fabric,1,startup,43.194205303,,13.77,829440000
fabric,1,startup,43.444328153,,17.52,972607488
fabric,1,startup,43.694904985,,19.16,1011068928
fabric,1,startup,43.945127167,,20.28,1021460480
fabric,1,startup,44.203661459,,27.58,1029054464
fabric,1,startup,44.448646669,,32.02,1034698752
fabric,1,startup,44.698244536,,38.61,993280000
fabric,1,startup,44.948584,,40.13,995393536
fabric,1,benchmark,45.081725395,0,40.73,1000914944
fabric,1,benchmark,45.211707687,0.1299822920000011,42.8,1005318144
fabric,1,benchmark,45.484851603,0.4031262080000033,49.46,1008455680
fabric,1,benchmark,45.734174322,0.6524489270000018,54.79,1009094656
fabric,1,benchmark,45.985403978,0.9036785830000014,56.31,1074249728
fabric,1,benchmark,46.235502795,1.1537774000000027,57.2,1151254528
fabric,1,benchmark,46.485881147,1.4041557520000012,58.1,1154965504
fabric,1,benchmark,46.736176072,1.6544506769999998,59.66,1158987776
fabric,1,benchmark,46.986292167,1.9045667720000026,61.52,1164718080
fabric,1,benchmark,47.236529627,2.1548042320000036,62.7,1168523264
fabric,1,benchmark,47.486903525,2.405178130000003,64.54,1168916480
fabric,1,benchmark,47.737004947,2.655279552000003,65.33,1169719296
fabric,1,benchmark,47.987385291,2.905659896000003,66.78,1170726912
fabric,1,benchmark,48.237615227,3.1558898319999997,67.81,1170972672
fabric,1,benchmark,48.488042284,3.406316889000003,71.25,1202429952
fabric,1,benchmark,48.738183904,3.6564585090000037,72.78,1244225536
fabric,1,benchmark,48.988125192,3.906399796999999,73.76,1424027648
fabric,1,benchmark,49.23826435,4.156538955000002,74.44,1447698432
fabric,1,benchmark,49.491116218,4.4093908230000025,75.5,1448632320
fabric,1,benchmark,49.741400062,4.659674666999997,76.22,1448677376
fabric,1,benchmark,49.992346138,4.910620743000003,78.1,1450508288
fabric,1,benchmark,50.24206436,5.160338965000001,79.74,1451986944
fabric,1,benchmark,50.493176085,5.411450690000002,80.46,1452023808
fabric,1,benchmark,50.743524188,5.661798793000003,80.83,1451958272
fabric,1,benchmark,50.993866649,5.912141253999998,83.04,1455763456
fabric,1,benchmark,51.244178548,6.162453153000001,85.03,1462689792
fabric,1,benchmark,51.494289197,6.412563802000001,85.77,1462767616
fabric,1,benchmark,51.744547452,6.662822057,87.67,1462996992
fabric,1,benchmark,51.994877708,6.913152312999998,89.09,1463083008
fabric,1,benchmark,52.244980573,7.163255178,90.02,1487581184
fabric,1,benchmark,52.495412585,7.413687189999997,91.07,1791893504
fabric,1,benchmark,52.745814953,7.664089558000001,92.39,2016153600
fabric,1,benchmark,52.996060622,7.914335227000002,94.26,2018041856
fabric,1,benchmark,53.246383204,8.164657808999998,94.88,2021892096
fabric,1,benchmark,53.496699706,8.414974311000002,96.27,2023395328
fabric,1,benchmark,53.747084359,8.665358964,97.23,2029772800
fabric,1,benchmark,53.997425099,8.915699703999998,98.93,2029903872
fabric,1,benchmark,54.24798966,9.166264265000002,99.67,2029981696
fabric,1,benchmark,54.497647244,9.415921849,100.4,2030047232
fabric,1,benchmark,54.748175991,9.666450595999997,101.08,2030129152
fabric,1,benchmark,54.998566689,9.916841294000001,102.21,2030239744
fabric,1,benchmark,55.248747077,10.167021681999998,102.73,2030247936
fabric,1,benchmark,55.498813559,10.417088163999999,103.23,2030309376
fabric,1,benchmark,55.749227516,10.667502120999998,104.36,2030407680
fabric,1,benchmark,55.999500455,10.917775060000004,104.86,2030448640
fabric,1,benchmark,56.249913031,11.168187635999999,106.24,2030505984
fabric,1,benchmark,56.500089754,11.418364359000002,106.79,2030530560
fabric,1,benchmark,56.750432344,11.668706948999997,108.36,2030678016
fabric,1,benchmark,57.000960133,11.919234738,109.63,2030739456
fabric,1,benchmark,57.251337443,12.169612047999998,110.76,2030903296
fabric,1,benchmark,57.501343074,12.419617678999998,111.8,2030956544
fabric,1,benchmark,57.751551263,12.669825868000004,112.44,2030972928
fabric,1,benchmark,58.001851346,12.920125951000003,113.63,2031087616
fabric,1,benchmark,58.252115166,13.170389771000004,114.9,2039922688
fabric,1,benchmark,58.502158356,13.420432961000003,115.45,2039853056
fabric,1,benchmark,58.752414974,13.670689578999998,116.31,2039992320
fabric,1,benchmark,59.002677291,13.920951895999998,117.27,2040799232
fabric,1,benchmark,59.253190101,14.171464706000002,118.22,2042212352
fabric,1,benchmark,59.503931313,14.422205918000003,120.28,2046865408
fabric,1,benchmark,59.754483362,14.672757967000003,121.07,2052534272
fabric,1,benchmark,60.004631589,14.922906194,122.23,2052919296
fabric,1,benchmark,60.25503542,15.173310025,123.03,2052972544
fabric,1,benchmark,60.508854887,15.427129491999999,124.4,2053001216
fabric,1,benchmark,60.759212593,15.677487198000001,125.02,2053070848
fabric,1,benchmark,61.00924039,15.927514995000003,125.68,2053132288
fabric,1,benchmark,61.259758723,16.178033327999998,126.54,2053148672
fabric,1,benchmark,61.510034553,16.428309157999998,127.9,2053222400
fabric,1,benchmark,61.760562004,16.678836609,129.03,2053255168
fabric,1,benchmark,62.010924985,16.929199590000003,129.42,2053259264
fabric,1,benchmark,62.261209592,17.179484197,130.29,2053292032
fabric,1,benchmark,62.51152076,17.429795365000004,132.28,2069024768
fabric,1,benchmark,62.761673138,17.679947743,132.95,2069962752
fabric,1,benchmark,63.011962242,17.930236847000003,133.95,2069999616
fabric,1,benchmark,63.262087067,18.180361672000004,135.37,2070052864
fabric,1,benchmark,63.512386881,18.430661485999998,136.76,2070401024
fabric,1,benchmark,63.76262807,18.680902675,137.1,2070396928
fabric,1,benchmark,64.013136921,18.931411525999998,138.21,2070491136
fabric,1,benchmark,64.263477723,19.181752327999995,138.66,2071166976
fabric,1,benchmark,64.513751312,19.432025916999997,139.14,2072571904
fabric,1,benchmark,64.767402983,19.685677587999997,139.57,2073239552
fabric,1,benchmark,65.014164728,19.932439332999998,140.33,2073239552
fabric,1,benchmark,65.264460794,20.182735399000002,141.43,2073452544
fabric,1,benchmark,65.514699348,20.432973952999994,142.11,2073460736
fabric,1,benchmark,65.764705807,20.682980412,143.58,2073534464
fabric,1,benchmark,66.015025091,20.933299696,144.59,2074804224
fabric,1,benchmark,66.26525091,21.183525515000007,145.73,2074873856
fabric,1,benchmark,66.515831308,21.434105913000003,147.94,2074939392
fabric,1,benchmark,66.768854099,21.687128703999996,149.51,2074968064
fabric,1,benchmark,67.017095912,21.935370517000003,150.47,2074968064
fabric,1,benchmark,67.267343559,22.185618163999997,151.57,2075004928
fabric,1,benchmark,67.51767558,22.435950185000003,152.37,2075017216
fabric,1,benchmark,67.767962186,22.686236791000006,153.17,2075017216
fabric,1,benchmark,68.018354327,22.936628931999998,154.15,2074951680
fabric,1,benchmark,68.268778919,23.187053524,154.68,2074992640
fabric,1,benchmark,68.519013371,23.437287976,155.31,2074996736
fabric,1,benchmark,68.769268922,23.687543526999995,157.53,2075045888
fabric,1,benchmark,69.01929334,23.937567945000005,157.85,2075045888
fabric,1,benchmark,69.26993262,24.188207225000006,158.53,2075045888
fabric,1,benchmark,69.519982369,24.438256974000005,158.98,2075074560
fabric,1,benchmark,69.770445657,24.688720261999997,159.68,2075074560
fabric,1,benchmark,70.020713714,24.938988318999996,160.25,2075107328
fabric,1,benchmark,70.270948719,25.189223324000004,161.38,2075107328
fabric,1,benchmark,70.52129696,25.439571565,162.42,2075123712
fabric,1,benchmark,70.771554854,25.689829459000002,163.61,2075123712
fabric,1,benchmark,71.021857999,25.940132604000006,164.46,2075123712
fabric,1,benchmark,71.272047878,26.190322482999996,165.79,2075242496
fabric,1,benchmark,71.522434087,26.440708691999994,167.02,2075271168
fabric,1,benchmark,71.772963492,26.691238097000003,168.43,2083688448
fabric,1,benchmark,72.023041642,26.941316246999996,169.81,2086277120
fabric,1,benchmark,72.273259459,27.191534064000003,170.66,2086342656
fabric,1,benchmark,72.523744999,27.442019604000002,172.18,2086342656
fabric,1,benchmark,72.773822607,27.692097212,172.8,2089811968
fabric,1,benchmark,73.024136275,27.942410880000004,173.52,2089824256
fabric,1,benchmark,73.27458077,28.192855375,174.72,2093244416
fabric,1,benchmark,73.524753341,28.443027945999994,175.3,2093244416
fabric,1,benchmark,73.774750381,28.693024986000005,176.39,2093273088
fabric,1,benchmark,74.025070536,28.943345141,177.6,2093318144
fabric,1,benchmark,74.275259574,29.193534179000004,178.05,2093318144
fabric,1,benchmark,74.525433362,29.443707967,178.54,2093318144
fabric,1,benchmark,74.776869052,29.695143656999996,179.19,2093420544
fabric,1,benchmark,75.026173651,29.944448255999994,180.51,2093432832
fabric,1,benchmark,75.276615738,30.194890343000004,181.6,2093490176
fabric,1,benchmark,75.526781842,30.445056447000006,182.39,2093518848
fabric,1,benchmark,75.779189288,30.697463893,184.23,2098790400
fabric,1,benchmark,76.027667362,30.945941967000003,186.06,2170220544
fabric,1,benchmark,76.278121556,31.196396161000003,187.34,2179805184
fabric,1,benchmark,76.528322208,31.446596813000006,187.95,2180235264
fabric,1,benchmark,76.778754869,31.697029473999997,189.22,2182500352
fabric,1,benchmark,77.029057633,31.947332237999994,190.28,2182782976
fabric,1,benchmark,77.279793649,32.198068254,191.9,2182832128
fabric,1,benchmark,77.530011008,32.448285613,193.27,2182885376
fabric,1,benchmark,77.780515129,32.698789733999995,193.72,2182885376
fabric,1,benchmark,78.03064101,32.948915615,195,2183634944
fabric,1,benchmark,78.280854545,33.19912915,196.11,2183639040
fabric,1,benchmark,78.53204871,33.450323315,197.27,2183647232
fabric,1,benchmark,78.781648132,33.699922737,198.07,2183647232
fabric,1,benchmark,79.031925677,33.950200282000004,199.55,2183675904
fabric,1,benchmark,79.282108647,34.200383252,199.84,2183675904
fabric,1,benchmark,79.532679457,34.450954062,200.82,2183729152
fabric,1,benchmark,79.782840763,34.701115367999996,202.61,2185613312
fabric,1,benchmark,80.032953646,34.951228250999996,202.89,2185613312
fabric,1,benchmark,80.283519512,35.201794117,203.4,2185613312
fabric,1,benchmark,80.533748631,35.452023235999995,204.83,2185670656
fabric,1,benchmark,80.783917974,35.702192579000005,206.06,2177200128
fabric,1,benchmark,81.034302118,35.952576723,207.17,2177204224
fabric,1,benchmark,81.284556534,36.202831139000004,207.8,2177204224
fabric,1,benchmark,81.535029202,36.453303807000005,209.02,2177216512
fabric,1,benchmark,81.785260155,36.703534760000004,210.55,2177241088
fabric,1,benchmark,82.035528419,36.953803024,211.41,2177265664
fabric,1,benchmark,82.285814453,37.204089058,212.17,2177265664
fabric,1,benchmark,82.536180782,37.454455387,213.48,2177327104
fabric,1,benchmark,82.786470005,37.70474461,214.29,2177331200
fabric,1,benchmark,83.036892003,37.955166608000006,215.76,2177372160
fabric,1,benchmark,83.287229146,38.205503751,216.07,2177372160
fabric,1,benchmark,83.537410102,38.455684706999996,217.96,2177384448
fabric,1,benchmark,83.78768345,38.705958055,219.19,2177388544
fabric,1,benchmark,84.038376709,38.956651314000005,220.97,2177396736
fabric,1,benchmark,84.288554211,39.206828816000005,221.42,2177396736
fabric,1,benchmark,84.538993136,39.457267741,222.73,2177396736
fabric,1,benchmark,84.789325534,39.707600139,223.97,2177417216
fabric,1,benchmark,85.039567515,39.95784212,225.26,2177421312
fabric,1,benchmark,85.289805777,40.208080382,226.37,2177425408
fabric,1,benchmark,85.540039149,40.458313753999995,227.33,2177429504
fabric,1,benchmark,85.790072867,40.70834747200001,228.95,2177585152
fabric,1,benchmark,86.042336919,40.960611523999994,230.16,2177646592
fabric,1,benchmark,86.291579136,41.209853740999996,231.91,2177691648
fabric,1,benchmark,86.541693138,41.459967743,232.69,2177699840
fabric,1,benchmark,86.79205074,41.710325344999994,234.06,2177708032
fabric,1,benchmark,87.042233981,41.960508585999996,235.01,2177720320
fabric,1,benchmark,87.295236178,42.213510783,235.94,2177732608
fabric,1,benchmark,87.545318934,42.463593538999994,236.21,2177736704
fabric,1,benchmark,87.798262965,42.71653757000001,236.72,2177744896
fabric,1,benchmark,88.04605202,42.964326625000005,237.64,2177753088
fabric,1,benchmark,88.296301812,43.214576416999996,238.8,2177798144
fabric,1,benchmark,88.546632308,43.464906913,239.31,2177802240
fabric,1,benchmark,88.797063256,43.715337861,240.32,2177810432
fabric,1,benchmark,89.047216829,43.96549143400001,240.93,2160738304
fabric,1,benchmark,89.297615765,44.215890370000004,241.33,2160742400
fabric,1,benchmark,89.549108617,44.467383222,242.36,2160762880
fabric,1,benchmark,89.79833045,44.716605054999995,243.07,2160766976
fabric,1,benchmark,90.048535062,44.966809667,243.57,2160775168
fabric,1,benchmark,90.298972686,45.217247291,244.8,2160779264
fabric,1,benchmark,90.549270334,45.467544939,246.09,2160787456
fabric,1,benchmark,90.799575618,45.717850223000006,246.52,2160787456
fabric,1,benchmark,91.049782517,45.968057122,247.09,2160787456
fabric,1,benchmark,91.301338515,46.21961312,248.56,2160791552
fabric,1,benchmark,91.550311881,46.468586486,249.09,2160799744
fabric,1,benchmark,91.800683926,46.718958531000006,250.49,2160816128
fabric,1,benchmark,92.051102322,46.969376927000006,251.29,2160824320
fabric,1,benchmark,92.301128309,47.21940291400001,252.3,2160857088
fabric,1,benchmark,92.551101362,47.469375967,253.2,2160857088
fabric,1,benchmark,92.801754018,47.720028623,254.55,2160869376
fabric,1,benchmark,93.051896087,47.970170692,255.78,2160893952
fabric,1,benchmark,93.302415925,48.220690530000006,257.19,2160955392
fabric,1,benchmark,93.552276569,48.470551174,258.1,2160967680
fabric,1,benchmark,93.802773533,48.72104813800001,260.22,2160979968
fabric,1,benchmark,94.053035444,48.971310049,261.35,2160988160
fabric,1,benchmark,94.307455779,49.225730383999995,264.36,2170949632
fabric,1,benchmark,94.557370732,49.475645336999996,264.98,2311352320
fabric,1,benchmark,94.809600811,49.727875415999996,265.5,2586415104
fabric,1,benchmark,95.058159342,49.976433947,266.9,2587742208
fabric,1,benchmark,95.30920137,50.227475975,267.59,2596687872
fabric,1,benchmark,95.558840516,50.477115121000004,268.61,2596978688
fabric,1,benchmark,95.809032988,50.727307593,269.52,2596995072
fabric,1,benchmark,96.059574897,50.977849502000005,270.37,2597019648
fabric,1,benchmark,96.309719895,51.2279945,271.21,2597175296
fabric,1,benchmark,96.560032812,51.478307417,272.26,2597187584
fabric,1,benchmark,96.81040814,51.72868274500001,273.68,2600251392
fabric,1,benchmark,97.06045878,51.978733385000005,274.69,2600210432
fabric,1,benchmark,97.310855988,52.229130593,275.44,2600214528
fabric,1,benchmark,97.56133302,52.47960762500001,276.34,2600222720
fabric,1,benchmark,97.811538765,52.729813369999995,277.14,2600214528
fabric,1,benchmark,98.062874948,52.981149553,278.69,2600284160
fabric,1,benchmark,98.312288542,53.230563147000005,279.37,2600300544
fabric,1,benchmark,98.565378604,53.483653209,280.02,2600325120
fabric,1,benchmark,98.81291334,53.731187944999995,281.7,2600321024
fabric,1,benchmark,99.063270599,53.98154520400001,282.57,2600329216
fabric,1,benchmark,99.313597946,54.231872551,283.32,2600337408
fabric,1,benchmark,99.563739534,54.48201413900001,284.49,2600390656
fabric,1,benchmark,99.814236687,54.732511292000005,285.59,2600390656
fabric,1,benchmark,100.064327159,54.982601764,287.23,2600443904
fabric,1,benchmark,100.314639983,55.23291458800001,288.36,2600456192
fabric,1,benchmark,100.565002138,55.483276743,289.05,2600460288
fabric,1,benchmark,100.8153421,55.733616704999996,290.54,2600579072
fabric,1,benchmark,101.065639299,55.983913904,291.46,2611884032
fabric,1,benchmark,101.316056285,56.23433089,293.19,2611892224
fabric,1,benchmark,101.568676712,56.486951317,293.94,2611863552
fabric,1,benchmark,101.816727234,56.735001839,295.03,2611867648
fabric,1,benchmark,102.066939115,56.98521372,296.43,2611888128
fabric,1,benchmark,102.317278253,57.235552858,297.56,2611896320
fabric,1,benchmark,102.567626791,57.485901395999996,298.21,2611900416
fabric,1,benchmark,102.817978897,57.736253502000004,299.94,2611929088
fabric,1,benchmark,103.068303841,57.986578446,300.28,2611957760
fabric,1,benchmark,103.318394812,58.236669416999995,301.76,2611970048
fabric,1,benchmark,103.569037812,58.487312417000005,302.98,2611986432
fabric,1,benchmark,103.818889029,58.737163634000005,303.74,2611986432
fabric,1,benchmark,104.069219189,58.987493793999995,304.67,2611986432
fabric,1,benchmark,104.319719119,59.237993724,306.27,2612027392
fabric,1,benchmark,104.569884551,59.488159156,306.71,2612027392
fabric,1,benchmark,104.820319574,59.738594178999996,307.87,2612031488
fabric,1,benchmark,105.070513144,59.988787749000004,309.01,2612047872
fabric,1,benchmark,105.320678043,60.238952648,309.67,2612064256
fabric,1,benchmark,105.571455973,60.489730578,310.73,2612105216
fabric,1,benchmark,105.821684682,60.739959287,311.51,2612105216
fabric,1,benchmark,106.071979114,60.990253719,312.27,2612105216
fabric,1,benchmark,106.322195192,61.240469796999996,313.79,2612113408
fabric,1,benchmark,106.57299594,61.491270545,314.64,2612113408
fabric,1,benchmark,106.82293222,61.741206825,315.84,2612113408
fabric,1,benchmark,107.073170316,61.991444921,316.9,2612117504
fabric,1,benchmark,107.323720198,62.241994803000004,317.55,2612125696
fabric,1,benchmark,107.573845358,62.492119963,318.43,2612166656
fabric,1,benchmark,107.824160924,62.742435529,319.26,2612166656
fabric,1,benchmark,108.07427582,62.992550425,320.24,2612277248
fabric,1,benchmark,108.324931964,63.243206569,321.12,2612277248
fabric,1,benchmark,108.575271981,63.493546586,321.49,2612277248
fabric,1,benchmark,108.825677039,63.743951644,322.32,2612277248
fabric,1,benchmark,109.076052075,63.99432668000001,323.22,2612350976
fabric,1,benchmark,109.325983789,64.24425839400001,324.37,2612391936
fabric,1,benchmark,109.576294851,64.494569456,324.64,2612391936
fabric,1,benchmark,109.826741008,64.74501561299999,326.05,2612453376
fabric,1,benchmark,110.077606066,64.99588067100001,326.48,2612375552
fabric,1,benchmark,110.328103704,65.246378309,328.13,2612375552
fabric,1,benchmark,110.577662325,65.49593693,328.53,2612404224
fabric,1,benchmark,110.827846985,65.74612159,329.24,2612436992
fabric,1,benchmark,111.077984752,65.99625935700001,329.79,2612436992
fabric,1,benchmark,111.328359742,66.246634347,330.12,2612436992
fabric,1,benchmark,111.578839896,66.497114501,332.08,2612449280
fabric,1,benchmark,111.829075335,66.74734993999999,332.33,2612449280
fabric,1,benchmark,112.079242551,66.99751715599999,332.59,2612449280
fabric,1,benchmark,112.329901281,67.24817588600001,333.12,2612461568
fabric,1,benchmark,112.580047835,67.49832244000001,333.39,2612461568
fabric,1,benchmark,112.830026078,67.748300683,334.25,2612563968
fabric,1,benchmark,113.080439502,67.99871410700001,335.1,2612613120
fabric,1,benchmark,113.330884378,68.249158983,335.37,2612613120
fabric,1,benchmark,113.581192848,68.499467453,336.33,2612609024
fabric,1,benchmark,113.831387218,68.749661823,336.65,2612609024
fabric,1,benchmark,114.081744276,69.00001888099999,337.48,2612682752
fabric,1,benchmark,114.331919445,69.25019405,337.76,2612682752
fabric,1,benchmark,114.58221868,69.500493285,338.64,2612682752
fabric,1,benchmark,114.832382136,69.750656741,339.01,2612682752
fabric,1,benchmark,115.082653547,70.000928152,340.28,2612772864
fabric,1,benchmark,115.333193091,70.25146769599999,340.86,2612772864
fabric,1,benchmark,115.583172916,70.50144752099999,341.29,2612772864
fabric,1,benchmark,115.833550129,70.751824734,342.84,2612826112
fabric,1,benchmark,116.083773994,71.002048599,343.56,2612826112
fabric,1,benchmark,116.333802589,71.25207719400001,344.71,2612871168
fabric,1,benchmark,116.584312559,71.502587164,345.19,2612871168
fabric,1,benchmark,116.834612444,71.75288704900001,346.35,2612895744
fabric,1,benchmark,117.084795184,72.003069789,347.07,2612903936
fabric,1,benchmark,117.334950492,72.25322509700001,347.33,2612903936
fabric,1,benchmark,117.585036296,72.50331090099999,347.79,2612916224
fabric,1,benchmark,117.835385671,72.753660276,349.17,2612916224
fabric,1,benchmark,118.086319476,73.004594081,349.69,2612924416
fabric,1,benchmark,118.336526923,73.254801528,350.62,2612924416
fabric,1,benchmark,118.586840786,73.505115391,351.65,2612928512
fabric,1,benchmark,118.836874491,73.755149096,352.51,2612932608
fabric,1,benchmark,119.087065694,74.00534029900001,352.88,2612948992
fabric,1,benchmark,119.33768849,74.255963095,354.15,2612965376
fabric,1,benchmark,119.590147438,74.508422043,354.79,2612965376
fabric,1,benchmark,119.83880071,74.75707531500001,355.34,2612965376
fabric,1,benchmark,120.089219872,75.007494477,356.6,2612977664
fabric,1,benchmark,120.340681656,75.25895626100001,358.45,2613043200
fabric,1,benchmark,120.59075649,75.50903109500001,358.83,2613043200
fabric,1,benchmark,120.841266003,75.75954060800001,359.69,2613043200
fabric,1,benchmark,121.091772166,76.01004677099999,360.72,2613067776
fabric,1,benchmark,121.34229406,76.260568665,361.75,2613067776
fabric,1,benchmark,121.592725179,76.510999784,362.09,2613067776
fabric,1,benchmark,121.843109382,76.76138398699999,362.74,2613067776
fabric,1,benchmark,122.093420951,77.011695556,363.67,2613084160
fabric,1,benchmark,122.343578303,77.26185290800001,364.05,2613084160
fabric,1,benchmark,122.594190929,77.512465534,365.68,2613100544
fabric,1,benchmark,122.844262993,77.762537598,365.95,2613100544
fabric,1,benchmark,123.094349908,78.01262451299999,366.61,2613100544
fabric,1,benchmark,123.344692706,78.26296731100001,367.48,2613108736
fabric,1,benchmark,123.595046324,78.513320929,368.53,2613125120
fabric,1,benchmark,123.845183948,78.76345855299999,369.68,2613125120
fabric,1,benchmark,124.095306012,79.013580617,370.5,2613125120
fabric,1,benchmark,124.345517659,79.26379226399999,371.46,2613178368
fabric,1,benchmark,124.596080565,79.51435516999999,372.75,2613194752
fabric,1,benchmark,124.846227207,79.76450181199999,373.91,2613207040
fabric,1,benchmark,125.096856873,80.015131478,374.53,2613207040
fabric,1,benchmark,125.346895968,80.265170573,375.95,2613223424
fabric,1,benchmark,125.597069311,80.515343916,376.73,2613223424
fabric,1,benchmark,125.849822502,80.76809710699999,377.19,2613248000
fabric,1,benchmark,126.098089934,81.016364539,378.68,2613264384
fabric,1,benchmark,126.348467774,81.266742379,379.29,2613264384
fabric,1,benchmark,126.599399642,81.517674247,380.58,2613293056
fabric,1,benchmark,126.84980837,81.768082975,381.69,2613297152
fabric,1,benchmark,127.100176986,82.018451591,382.53,2613297152
fabric,1,benchmark,127.35029603,82.268570635,384.16,2615083008
fabric,1,benchmark,127.600529369,82.51880397400001,385.63,2615087104
fabric,1,benchmark,127.850650989,82.768925594,386.35,2615087104
fabric,1,benchmark,128.103989303,83.02226390799999,387.77,2615103488
fabric,1,benchmark,128.351623517,83.269898122,388.55,2615103488
fabric,1,benchmark,128.601952247,83.52022685200001,390.49,2615128064
fabric,1,benchmark,128.852120207,83.770394812,390.79,2615128064
fabric,1,benchmark,129.102598982,84.02087358699998,392.12,2615156736
fabric,1,benchmark,129.35313269,84.27140729499999,393.29,2615160832
fabric,1,benchmark,129.603409015,84.52168362,394.22,2615156736
fabric,1,benchmark,129.853616873,84.77189147799999,394.82,2615156736
fabric,1,benchmark,130.103668664,85.02194326899999,395.58,2615160832
fabric,1,benchmark,130.354192338,85.27246694299998,396.71,2615160832
fabric,1,benchmark,130.604361214,85.52263581899999,397.61,2615160832
fabric,1,benchmark,130.854494625,85.77276923,399.21,2615197696
fabric,1,benchmark,131.105197255,86.02347186,400.6,2615214080
fabric,1,benchmark,131.360665247,86.27893985199998,401.45,2615230464
fabric,1,benchmark,131.610874862,86.529149467,402.4,2615230464
fabric,1,benchmark,131.861348357,86.77962296199999,404,2615287808
fabric,1,benchmark,132.111487996,87.02976260099999,404.66,2615287808
fabric,1,benchmark,132.361646125,87.27992072999999,405.69,2615287808
fabric,1,benchmark,132.611971752,87.53024635699998,406.84,2615308288
fabric,1,benchmark,132.863445765,87.78172036999999,408.83,2615332864
fabric,1,benchmark,133.113629943,88.031904548,409.86,2615332864
fabric,1,benchmark,133.364194089,88.28246869399999,410.8,2615365632
fabric,1,benchmark,133.614964526,88.53323913099999,412.14,2615431168
fabric,1,benchmark,133.864451265,88.78272587000001,413.03,2615439360
fabric,1,benchmark,134.114488312,89.03276291699999,413.88,2615439360
fabric,1,benchmark,134.364912708,89.28318731299998,415.92,2615447552
fabric,1,benchmark,134.615366606,89.533641211,417.44,2615455744
fabric,1,benchmark,134.865467462,89.78374206699999,418.91,2615459840
fabric,1,benchmark,135.115425982,90.033700587,419.9,2615459840
fabric,1,benchmark,135.365826564,90.284101169,421.49,2615468032
fabric,1,benchmark,135.616200744,90.53447534899999,422.13,2615472128
fabric,1,benchmark,135.866195432,90.784470037,422.99,2615472128
fabric,1,benchmark,136.116243363,91.03451796799999,424.41,2615500800
fabric,1,benchmark,136.36659556,91.284870165,425.64,2615500800
fabric,1,benchmark,136.617002399,91.535277004,426.54,2615504896
fabric,1,benchmark,136.866890468,91.785165073,427.86,2615504896
fabric,1,benchmark,137.117247871,92.03552247599998,428.82,2615508992
fabric,1,benchmark,137.367193564,92.28546816899998,429.84,2615545856
fabric,1,benchmark,137.617301535,92.53557613999999,431.18,2615693312
fabric,1,benchmark,137.86756538,92.785839985,431.89,2615693312
fabric,1,benchmark,138.118083498,93.036358103,433.06,2615771136
fabric,1,benchmark,138.3684669,93.28674150499998,433.67,2615771136
fabric,1,benchmark,138.618937155,93.53721175999999,434.91,2617901056
fabric,1,benchmark,138.869376616,93.787651221,436.59,2617978880
fabric,1,benchmark,139.119642739,94.037917344,437.78,2618003456
fabric,1,benchmark,139.37008691,94.28836151499999,439.65,2618060800
fabric,1,benchmark,139.620158413,94.538433018,440.75,2618064896
fabric,1,benchmark,139.870560279,94.78883488399998,441.98,2618068992
fabric,1,benchmark,140.120967965,95.03924257,443.11,2618077184
fabric,1,benchmark,140.371414233,95.28968883799999,444.3,2618081280
fabric,1,benchmark,140.621736225,95.54001083,445.51,2618109952
fabric,1,benchmark,140.87198435,95.79025895499998,446.58,2618109952
fabric,1,benchmark,141.122439646,96.040714251,447.71,2618163200
fabric,1,benchmark,141.372719373,96.29099397799999,448.88,2618163200
fabric,1,benchmark,141.623084323,96.541358928,449.78,2618163200
fabric,1,benchmark,141.873438351,96.791712956,451.23,2618183680
fabric,1,benchmark,142.12383517,97.042109775,452.4,2618183680
fabric,1,benchmark,142.374295483,97.29257008799999,453.49,2618232832
fabric,1,benchmark,142.62544374,97.543718345,454.66,2618232832
fabric,1,benchmark,142.874898109,97.79317271399998,455.47,2618232832
fabric,1,benchmark,143.125276024,98.04355062899998,456.78,2618236928
fabric,1,benchmark,143.375315442,98.29359004699998,457.89,2618306560
fabric,1,benchmark,143.625447495,98.5437221,458.68,2618306560
fabric,1,benchmark,143.877963705,98.79623831,459.96,2618368000
fabric,1,benchmark,144.126329946,99.04460455099999,461.53,2618368000
fabric,1,benchmark,144.376505868,99.294780473,462.85,2618400768
fabric,1,benchmark,144.626862019,99.54513662399998,464.03,2618400768
fabric,1,benchmark,144.877040828,99.79531543299998,465.38,2618404864
fabric,1,benchmark,145.127423077,100.045697682,466.44,2618408960
fabric,1,benchmark,145.377660539,100.295935144,467.55,2618408960
fabric,1,benchmark,145.627930793,100.54620539799998,468.91,2618421248
fabric,1,benchmark,145.878240815,100.79651541999999,469.75,2618421248
fabric,1,benchmark,146.128528507,101.04680311199999,470.93,2618425344
fabric,1,benchmark,146.378899322,101.29717392699999,472.31,2618429440
fabric,1,benchmark,146.629067587,101.547342192,473.42,2618470400
fabric,1,benchmark,146.879409098,101.79768370299999,474.08,2618490880
fabric,1,benchmark,147.154621264,102.072895869,475.05,2618490880
fabric,1,benchmark,147.381031778,102.29930638299999,476.3,2618540032
fabric,1,benchmark,147.630750007,102.54902461199998,476.91,2618540032
fabric,1,benchmark,147.881337877,102.79961248199999,478.58,2618572800
fabric,1,benchmark,148.131683895,103.0499585,478.91,2618585088
fabric,1,benchmark,148.381986791,103.300261396,480.5,2618695680
fabric,1,benchmark,148.632032273,103.55030687799999,481,2618720256
fabric,1,benchmark,148.882363018,103.800637623,482.12,2618740736
fabric,1,benchmark,149.132975496,104.051250101,483.66,2618789888
fabric,1,benchmark,149.382939572,104.30121417699999,484.63,2618789888
fabric,1,benchmark,149.633224793,104.551499398,486.33,2618806272
fabric,1,benchmark,149.883594927,104.80186953199998,487.44,2618806272
fabric,1,benchmark,150.133990471,105.052265076,488.49,2618814464
fabric,1,benchmark,150.384049698,105.302324303,489.54,2618814464
fabric,1,benchmark,150.634460973,105.55273557799998,491.09,2618916864
fabric,1,benchmark,150.884786491,105.803061096,492.12,2618920960
fabric,1,benchmark,151.135636435,106.05391104,492.96,2618929152
fabric,1,benchmark,151.386224006,106.30449861099999,493.89,2618933248
fabric,1,benchmark,151.636382195,106.5546568,494.98,2618933248
fabric,1,benchmark,151.886759912,106.805034517,496.48,2618978304
fabric,1,benchmark,152.137029794,107.055304399,496.78,2618978304
fabric,1,benchmark,152.387344608,107.305619213,497.52,2618978304
fabric,1,benchmark,152.637665862,107.555940467,498.27,2618978304
fabric,1,benchmark,152.887937711,107.806212316,499.33,2619002880
fabric,1,benchmark,153.13880325,108.05707785499999,500.13,2619002880
fabric,1,benchmark,153.38850614,108.306780745,501.81,2619047936
fabric,1,benchmark,153.638625901,108.556900506,502.38,2619076608
fabric,1,benchmark,153.889046984,108.807321589,503.42,2619072512
fabric,1,benchmark,154.139818985,109.05809359,504.42,2619084800
fabric,1,benchmark,154.395751716,109.314026321,505.73,2619088896
fabric,1,benchmark,154.646030231,109.56430483599999,506.53,2619150336
fabric,1,benchmark,154.896322235,109.81459684000001,507.43,2619150336
fabric,1,benchmark,155.14723328,110.06550788499999,509.09,2619187200
fabric,1,benchmark,155.397607468,110.31588207299998,509.61,2619187200
fabric,1,benchmark,155.648096981,110.566371586,510.44,2619187200
fabric,1,benchmark,155.898187581,110.816462186,511.69,2619203584
fabric,1,benchmark,156.148707693,111.066982298,512.1,2619203584
fabric,1,benchmark,156.39912518,111.31739978499999,512.48,2619203584
fabric,1,benchmark,156.649490404,111.567765009,513.59,2619207680
fabric,1,benchmark,156.900045435,111.81832004,514.45,2619224064
fabric,1,benchmark,157.150034877,112.06830948199999,515.7,2619228160
fabric,1,benchmark,157.400510034,112.318784639,516.8,2619228160
fabric,1,benchmark,157.650617632,112.568892237,517.57,2619228160
fabric,1,benchmark,157.901096215,112.81937081999999,518.7,2619265024
fabric,1,benchmark,158.151673454,113.06994805899998,519.99,2619277312
fabric,1,benchmark,158.401762469,113.320037074,520.75,2619277312
fabric,1,benchmark,158.652100795,113.57037539999999,521.99,2619277312
fabric,1,benchmark,158.902717293,113.82099189799999,523.05,2619297792
fabric,1,benchmark,159.152600974,114.07087557899999,523.87,2619297792
fabric,1,benchmark,159.402846373,114.32112097799998,525.22,2619301888
fabric,1,benchmark,159.653173595,114.57144819999999,526.64,2619318272
fabric,1,benchmark,159.90340027,114.82167487499999,527.55,2619318272
fabric,1,benchmark,160.154590414,115.072865019,528.35,2619359232
fabric,1,benchmark,160.404770707,115.323045312,529.93,2619367424
fabric,1,benchmark,160.655115477,115.573390082,531.32,2619371520
fabric,1,benchmark,160.905486486,115.823761091,532.73,2619396096
fabric,1,benchmark,161.155620764,116.07389536899998,533.29,2619396096
fabric,1,benchmark,161.406962552,116.325237157,534.39,2619428864
fabric,1,benchmark,161.656280478,116.574555083,535.82,2619453440
fabric,1,benchmark,161.906600481,116.82487508599999,536.93,2619453440
fabric,1,benchmark,162.157558377,117.07583298199998,538.33,2619486208
fabric,1,benchmark,162.40785326,117.32612786499999,539.31,2619490304
fabric,1,benchmark,162.658097289,117.576371894,540.13,2619490304
fabric,1,benchmark,162.908363087,117.82663769199999,540.9,2619490304
fabric,1,benchmark,163.15952935,118.07780395500001,543.43,2619555840
fabric,1,benchmark,163.4092306,118.327505205,543.93,2619555840
fabric,1,benchmark,163.659404382,118.57767898699998,545.28,2619559936
fabric,1,benchmark,163.909875958,118.82815056299998,545.96,2619564032
fabric,1,benchmark,164.159835417,119.078110022,546.68,2619564032
fabric,1,benchmark,164.413623089,119.33189769399999,547.3,2619568128
fabric,1,benchmark,164.661804749,119.58007935399999,548.24,2619572224
fabric,1,benchmark,164.910932623,119.829207228,549.17,2619572224
fabric,1,benchmark,165.16129545,120.079570055,549.49,2619572224
fabric,1,benchmark,165.411661917,120.329936522,550.57,2619600896
fabric,1,benchmark,165.661713548,120.57998815299999,551.14,2619600896
fabric,1,benchmark,165.912004838,120.830279443,552.19,2619600896
fabric,1,benchmark,166.162548181,121.080822786,553.48,2619625472
fabric,1,benchmark,166.412577478,121.330852083,555.16,2619625472
fabric,1,benchmark,166.664606934,121.582881539,555.87,2619650048
fabric,1,benchmark,166.912930933,121.831205538,556.71,2619650048
fabric,1,benchmark,167.163012009,122.08128661399999,556.99,2619650048
fabric,1,benchmark,167.41336876,122.33164336499999,557.75,2619650048
fabric,1,benchmark,167.6641392,122.58241380499999,558.62,2619654144
fabric,1,benchmark,167.914493328,122.83276793299999,559.5,2619654144
fabric,1,benchmark,168.164615293,123.08288989799999,560.68,2619654144
fabric,1,benchmark,168.414993242,123.333267847,561.91,2619658240
fabric,1,benchmark,168.665257524,123.58353212899999,563.04,2619723776
fabric,1,benchmark,168.915689922,123.833964527,563.74,2619723776
fabric,1,benchmark,169.166056447,124.08433105199998,564.76,2619723776
fabric,1,benchmark,169.41638945,124.33466405499999,565.51,2619723776
fabric,1,benchmark,169.666441289,124.584715894,566.5,2619723776
fabric,1,benchmark,169.916899465,124.83517407,568.89,2619756544
fabric,1,benchmark,170.167044336,125.085318941,569.78,2619760640
fabric,1,benchmark,170.41725735,125.335531955,570.62,2619760640
fabric,1,benchmark,170.667700795,125.5859754,571.78,2619768832
fabric,1,benchmark,170.917889956,125.836164561,572.56,2619768832
fabric,1,benchmark,171.168188191,126.086462796,574.13,2619822080
fabric,1,benchmark,171.418637644,126.336912249,574.83,2619822080
fabric,1,benchmark,171.668774041,126.587048646,576.17,2619863040
fabric,1,benchmark,171.919132337,126.837406942,576.74,2619863040
fabric,1,benchmark,172.175207299,127.09348190399999,578.64,2619904000
fabric,1,benchmark,172.420113511,127.338388116,579.62,2619904000
fabric,1,benchmark,172.670484306,127.58875891099999,580.48,2619936768
fabric,1,benchmark,172.92066138,127.838935985,581.46,2620342272
fabric,1,benchmark,173.171035003,128.08930960799998,582.55,2620452864
fabric,1,benchmark,173.424712872,128.34298747699998,583.34,2620481536
fabric,1,benchmark,173.671487275,128.58976188,584.37,2620485632
fabric,1,benchmark,173.921933639,128.840208244,585.32,2620485632
fabric,1,benchmark,174.172071907,129.090346512,586.62,2620493824
fabric,1,benchmark,174.422225737,129.34050034199998,587.42,2620493824
fabric,1,benchmark,174.672543513,129.590818118,588.36,2620493824
fabric,1,benchmark,174.92269664,129.840971245,589.09,2620493824
fabric,1,benchmark,175.173086928,130.091361533,590.31,2620510208
fabric,1,benchmark,175.423138069,130.341412674,591.03,2620510208
fabric,1,benchmark,175.673434742,130.591709347,592.27,2620514304
fabric,1,benchmark,175.927189876,130.845464481,594.06,2620526592
fabric,1,benchmark,176.177316468,131.09559107299998,594.97,2620522496
fabric,1,benchmark,176.427849711,131.346124316,595.62,2620530688
fabric,1,benchmark,176.678060206,131.596334811,597.03,2620538880
fabric,1,benchmark,176.928371145,131.84664575,598.16,2620579840
fabric,1,benchmark,177.178752307,132.097026912,599.13,2620579840
fabric,1,benchmark,177.429066825,132.34734143,600.14,2624786432
fabric,1,benchmark,177.67931621,132.597590815,601.37,2624786432
fabric,1,benchmark,177.929972563,132.848247168,602.38,2624823296
fabric,1,benchmark,178.180394534,133.09866913899998,603.52,2624827392
fabric,1,benchmark,178.43072698,133.349001585,604.78,2624860160
fabric,1,benchmark,178.681074217,133.599348822,606.39,2624925696
fabric,1,benchmark,178.931371778,133.849646383,607.74,2624946176
fabric,1,benchmark,179.181780756,134.100055361,608.3,2624946176
fabric,1,benchmark,179.431883338,134.350157943,609.23,2624946176
fabric,1,benchmark,179.682159928,134.600434533,610.09,2624950272
fabric,1,benchmark,179.932558282,134.850832887,611.07,2624962560
fabric,1,benchmark,180.183481572,135.101756177,612.51,2624962560
fabric,1,benchmark,180.433342269,135.351616874,613.65,2624962560
fabric,1,benchmark,180.683795405,135.60207001,614.62,2624983040
fabric,1,benchmark,180.934009677,135.852284282,615.49,2624983040
fabric,1,benchmark,181.184338684,136.102613289,616.58,2624983040
fabric,1,benchmark,181.437958797,136.356233402,617.93,2625048576
fabric,1,benchmark,181.688140166,136.606414771,618.52,2625052672
fabric,1,benchmark,181.938598517,136.856873122,619.51,2625052672
fabric,1,benchmark,182.188973264,137.107247869,620.57,2625052672
fabric,1,benchmark,182.440886038,137.359160643,622.15,2625060864
fabric,1,benchmark,182.689820232,137.60809483699998,623.41,2629115904
fabric,1,benchmark,182.940243988,137.85851859299999,624.64,2629115904
fabric,1,benchmark,183.19096307,138.109237675,626.07,2641920000
fabric,1,benchmark,183.441351664,138.359626269,626.77,2641920000
fabric,1,benchmark,183.691346368,138.609620973,627.57,2641969152
fabric,1,benchmark,183.941809884,138.860084489,628.54,2641973248
fabric,1,benchmark,184.192040868,139.11031547299999,629.52,2642022400
fabric,1,benchmark,184.442210829,139.360485434,631.98,2642092032
fabric,1,benchmark,184.692240501,139.61051510599998,632.5,2642092032
fabric,1,benchmark,184.942875483,139.861150088,633.83,2642161664
fabric,1,benchmark,185.193139585,140.11141419,634.75,2642165760
fabric,1,benchmark,185.443475132,140.361749737,635.56,2642165760
fabric,1,benchmark,185.693747014,140.612021619,636.25,2642165760
fabric,1,benchmark,185.94394982,140.862224425,636.88,2642182144
fabric,1,benchmark,186.194286714,141.11256131899998,638.19,2642571264
fabric,1,benchmark,186.444596746,141.362871351,638.77,2642571264
fabric,1,benchmark,186.694902237,141.613176842,639.33,2642571264
fabric,1,benchmark,186.945332992,141.863607597,640.47,2642571264
fabric,1,benchmark,187.195497264,142.113771869,640.84,2642571264
fabric,1,benchmark,187.448053605,142.36632821,641.25,2642612224
fabric,1,benchmark,187.696009606,142.61428421099998,642.59,2642620416
fabric,1,benchmark,187.946357754,142.86463235899998,643.39,2642624512
fabric,1,benchmark,188.196727813,143.115002418,643.69,2642624512
fabric,1,benchmark,188.447004908,143.365279513,644.4,2642624512
fabric,1,benchmark,188.697356035,143.61563064,646.14,2642657280
fabric,1,benchmark,188.94769388,143.865968485,646.6,2642657280
fabric,1,benchmark,189.197957821,144.11623242599998,647.27,2642657280
fabric,1,benchmark,189.44837554,144.366650145,648.1,2642685952
fabric,1,benchmark,189.69885261,144.61712721499998,649.08,2642694144
fabric,1,benchmark,189.948839295,144.8671139,649.82,2642694144
fabric,1,benchmark,190.201830769,145.120105374,650.59,2642694144
fabric,1,benchmark,190.452262346,145.370536951,651.66,2642706432
fabric,1,benchmark,190.702444349,145.62071895399998,653.09,2642731008
fabric,1,benchmark,190.955598739,145.873873344,653.75,2642735104
fabric,1,benchmark,191.202875725,146.12115033,654.93,2642735104
fabric,1,benchmark,191.453175372,146.371449977,655.75,2642735104
fabric,1,benchmark,191.703557442,146.621832047,656.77,2642796544
fabric,1,benchmark,191.953714169,146.871988774,657.83,2642800640
fabric,1,benchmark,192.203933539,147.12220814399998,658.87,2642829312
fabric,1,benchmark,192.45415973,147.37243433499998,659.94,2642829312
fabric,1,benchmark,192.704485194,147.622759799,660.72,2642829312
fabric,1,benchmark,192.954808747,147.87308335199998,661.83,2642878464
fabric,1,benchmark,193.205052145,148.12332675,662.37,2642878464
fabric,1,benchmark,193.455140506,148.37341511099999,662.86,2642878464
fabric,1,benchmark,193.705486749,148.62376135399998,663.61,2642878464
fabric,1,benchmark,193.955907913,148.874182518,664.59,2642878464
fabric,1,benchmark,194.206310327,149.124584932,665.92,2642927616
fabric,1,benchmark,194.456394085,149.37466869,666.25,2642927616
fabric,1,benchmark,194.708772036,149.627046641,667.74,2642927616
fabric,1,benchmark,194.960092973,149.878367578,668.64,2642931712
fabric,1,benchmark,195.209069712,150.127344317,669.39,2643013632
fabric,1,benchmark,195.459289464,150.377564069,670.36,2643013632
fabric,1,benchmark,195.709573428,150.627848033,670.77,2643013632
fabric,1,benchmark,195.960103652,150.87837825699998,671.2,2643013632
fabric,1,benchmark,196.210460548,151.12873515299998,672.38,2643075072
fabric,1,benchmark,196.460626534,151.378901139,673.71,2643075072
fabric,1,benchmark,196.711442602,151.629717207,675.56,2643075072
fabric,1,benchmark,196.962727211,151.88100181599998,676.55,2643083264
fabric,1,benchmark,197.212213791,152.130488396,677.77,2643111936
fabric,1,benchmark,197.462406965,152.38068157,678.42,2643111936
fabric,1,benchmark,197.712832711,152.631107316,679.79,2643128320
fabric,1,benchmark,197.962927388,152.881201993,681.13,2643128320
fabric,1,benchmark,198.213426385,153.13170098999998,681.6,2643128320
fabric,1,benchmark,198.46369311,153.381967715,682.75,2643128320
fabric,1,benchmark,198.713964755,153.63223936,683.85,2643152896
fabric,1,benchmark,198.964332893,153.882607498,685.18,2643161088
fabric,1,benchmark,199.21709335,154.135367955,685.95,2643185664
fabric,1,benchmark,199.465543532,154.383818137,686.92,2643185664
fabric,1,benchmark,199.71653469,154.634809295,688.32,2643185664
fabric,1,benchmark,199.966895524,154.885170129,688.94,2643185664
fabric,1,benchmark,200.217896511,155.13617111599999,691.06,2643234816
fabric,1,benchmark,200.468331879,155.386606484,691.33,2643234816
fabric,1,benchmark,200.718180827,155.636455432,691.6,2643214336
fabric,1,benchmark,200.968635894,155.88691049899998,692.71,2643218432
fabric,1,benchmark,201.219055828,156.137330433,693.68,2643283968
fabric,1,benchmark,201.469339056,156.387613661,694.47,2643283968
fabric,1,benchmark,201.720531728,156.638806333,695.09,2643283968
fabric,1,benchmark,201.970108108,156.888382713,695.94,2643283968
fabric,1,benchmark,202.220199614,157.138474219,697.25,2643337216
fabric,1,benchmark,202.47051128,157.388785885,698.17,2643337216
fabric,1,benchmark,202.720688179,157.638962784,698.43,2643337216
fabric,1,benchmark,202.971157561,157.889432166,699.02,2643410944
fabric,1,benchmark,203.22117176,158.139446365,700.34,2643410944
fabric,1,benchmark,203.472183878,158.390458483,701.35,2643443712
fabric,1,benchmark,203.722229967,158.640504572,701.72,2643443712
fabric,1,benchmark,203.972756419,158.891031024,703.1,2643476480
fabric,1,benchmark,204.222841989,159.14111659399998,703.38,2643476480
fabric,1,benchmark,204.473205342,159.391479947,704.32,2643492864
fabric,1,benchmark,204.723558594,159.641833199,705.31,2643492864
fabric,1,benchmark,204.973756627,159.892031232,705.58,2643492864
fabric,1,benchmark,205.223957539,160.142232144,706.74,2643521536
fabric,1,benchmark,205.474402324,160.392676929,707.77,2643521536
fabric,1,benchmark,205.724465298,160.642739903,708.04,2643521536
fabric,1,benchmark,205.974739022,160.893013627,708.8,2643542016
fabric,1,benchmark,206.225182274,161.14345687899998,710.17,2643574784
fabric,1,benchmark,206.475029446,161.393304051,710.59,2643574784
fabric,1,benchmark,206.725638915,161.64391351999998,711.86,2643574784
fabric,1,benchmark,206.975827442,161.894102047,712.36,2643595264
fabric,1,benchmark,207.225943804,162.144218409,713.64,2643595264
fabric,1,benchmark,207.476083328,162.39435793299998,713.9,2643595264
fabric,1,benchmark,207.726266103,162.644540708,714.37,2643595264
fabric,1,benchmark,207.976787213,162.895061818,715.39,2643636224
fabric,1,benchmark,208.227194188,163.145468793,716.92,2643636224
fabric,1,benchmark,208.477125339,163.395399944,717.27,2643636224
fabric,1,benchmark,208.728619146,163.646893751,717.7,2643652608
fabric,1,benchmark,208.977625068,163.895899673,718.65,2643656704
fabric,1,benchmark,209.227605449,164.145880054,719.11,2643656704
fabric,1,benchmark,209.478100765,164.39637537,720.35,2643656704
fabric,1,benchmark,209.728261423,164.64653602799999,720.91,2643681280
fabric,1,benchmark,209.978730785,164.89700539,721.24,2643685376
fabric,1,benchmark,210.228751275,165.14702588,722.12,2643685376
fabric,1,benchmark,210.479152784,165.397427389,723.23,2643726336
fabric,1,benchmark,210.729234686,165.647509291,723.92,2643726336
fabric,1,benchmark,210.97960766,165.897882265,724.62,2643726336
fabric,1,benchmark,211.229943603,166.148218208,725.32,2643726336
fabric,1,benchmark,211.480868275,166.39914288,726.54,2643783680
fabric,1,benchmark,211.731026627,166.649301232,727.41,2643783680
fabric,1,benchmark,211.980964208,166.89923881299998,728.13,2643800064
fabric,1,benchmark,212.231238795,167.1495134,728.74,2643800064
fabric,1,benchmark,212.48148998,167.39976458499999,729.17,2643800064
fabric,1,benchmark,212.731829369,167.650103974,730.67,2643820544
fabric,1,benchmark,212.981935235,167.90020984,730.93,2643820544
fabric,1,benchmark,213.234966906,168.153241511,731.62,2643849216
fabric,1,benchmark,213.482713384,168.400987989,732.49,2643849216
fabric,1,benchmark,213.73284063,168.651115235,733.46,2643849216
fabric,1,benchmark,213.983188565,168.90146317,734.12,2643849216
fabric,1,benchmark,214.233312339,169.151586944,735.12,2643918848
fabric,1,benchmark,214.483604981,169.401879586,735.59,2643918848
fabric,1,benchmark,214.735003197,169.653277802,736.52,2643918848
fabric,1,benchmark,214.984914458,169.90318906299999,737.24,2643935232
fabric,1,benchmark,215.234830489,170.15310509399998,737.61,2643935232
fabric,1,benchmark,215.485212183,170.40348678799998,738.06,2643935232
fabric,1,benchmark,215.735648219,170.653922824,739.12,2643943424
fabric,1,benchmark,215.985786028,170.904060633,739.37,2643943424
fabric,1,benchmark,216.235767329,171.154041934,739.78,2643943424
fabric,1,benchmark,216.486111839,171.40438644399998,740.05,2643943424
fabric,1,benchmark,216.736580803,171.654855408,741.59,2643947520
fabric,1,benchmark,216.986780132,171.905054737,741.85,2643947520
fabric,1,benchmark,217.236905708,172.155180313,742.87,2643947520
fabric,1,benchmark,217.487281946,172.405556551,743.14,2643947520
fabric,1,benchmark,217.73759867,172.655873275,744.02,2643980288
fabric,1,benchmark,217.987875101,172.90614970599998,744.46,2643980288
fabric,1,benchmark,218.237873638,173.156148243,744.76,2643980288
fabric,1,benchmark,218.488625302,173.406899907,746.55,2644029440
fabric,1,benchmark,218.738611947,173.656886552,747.24,2644033536
fabric,1,benchmark,218.989008041,173.907282646,747.56,2644033536
fabric,1,benchmark,219.241860796,174.160135401,748.51,2644045824
fabric,1,benchmark,219.490155176,174.408429781,749.21,2644045824
fabric,1,benchmark,219.740122807,174.658397412,749.48,2644045824
fabric,1,benchmark,219.990767331,174.909041936,750.17,2644066304
fabric,1,benchmark,220.240688448,175.15896305299998,750.42,2644066304
fabric,1,benchmark,220.49131382,175.40958842499998,751.42,2644066304
fabric,1,benchmark,220.741406225,175.65968082999999,751.92,2643931136
fabric,1,benchmark,220.991982423,175.910257028,753.09,2643959808
fabric,1,benchmark,221.243023233,176.161297838,754.12,2643959808
fabric,1,benchmark,221.49258791,176.410862515,755.62,2643980288
fabric,1,benchmark,221.742853751,176.661128356,756.18,2643980288
fabric,1,benchmark,221.993310499,176.91158510399998,757.42,2644013056
fabric,1,benchmark,222.243697535,177.16197214,758.28,2644013056
fabric,1,benchmark,222.493817076,177.412091681,759.05,2644013056
fabric,1,benchmark,222.74399832,177.662272925,759.87,2644013056
fabric,1,benchmark,222.994453946,177.912728551,761.89,2644037632
fabric,1,benchmark,223.244770525,178.16304513,762.48,2644037632
fabric,1,benchmark,223.49499432,178.41326892499998,763.53,2644037632
fabric,1,benchmark,223.745469015,178.66374362,764.81,2644078592
fabric,1,benchmark,223.995647015,178.91392162,765.82,2644078592
fabric,1,benchmark,224.246001103,179.164275708,766.65,2644078592
fabric,1,benchmark,224.496381972,179.414656577,767.87,2644078592
fabric,1,benchmark,224.746323879,179.66459848399998,768.38,2644078592
fabric,1,benchmark,224.996744678,179.915019283,769.49,2644111360
fabric,1,benchmark,225.246937925,180.16521253,770.28,2644111360
fabric,1,benchmark,225.497296781,180.41557138599998,771.21,2644111360
fabric,1,benchmark,225.747759361,180.666033966,772.43,2645291008
fabric,1,benchmark,225.998063441,180.916338046,773.02,2645291008
fabric,1,benchmark,226.248495598,181.166770203,773.79,2645291008
fabric,1,benchmark,226.498927054,181.417201659,774.73,2645291008
fabric,1,benchmark,226.749234763,181.667509368,775.27,2645307392
fabric,1,benchmark,226.999532791,181.917807396,776.42,2645315584
fabric,1,benchmark,227.249650129,182.167924734,777.41,2645315584
fabric,1,benchmark,227.500000599,182.418275204,778.28,2645348352
fabric,1,benchmark,227.750242473,182.66851707799998,779.2,2645348352
fabric,1,benchmark,228.000657153,182.91893175799999,779.84,2645348352
fabric,1,benchmark,228.250659513,183.16893411799998,780.67,2645352448
fabric,1,benchmark,228.501045912,183.419320517,781.96,2645372928
fabric,1,benchmark,228.754038329,183.672312934,783.1,2645385216
fabric,1,benchmark,229.001608316,183.91988292099998,784.27,2645385216
fabric,1,benchmark,229.25173893,184.17001353499998,784.98,2645385216
fabric,1,benchmark,229.50199918,184.420273785,786.62,2645401600
fabric,1,benchmark,229.75268497,184.67095957499998,787.52,2645401600
fabric,1,benchmark,230.004804139,184.92307874399998,788.81,2645458944
fabric,1,benchmark,230.253843286,185.172117891,790.22,2645458944
fabric,1,benchmark,230.504132825,185.42240743,791.32,2645467136
fabric,1,benchmark,230.75436558,185.672640185,791.96,2645467136
fabric,1,benchmark,231.004561772,185.92283637699998,792.68,2645467136
fabric,1,benchmark,231.25488937,186.173163975,794.17,2645479424
fabric,1,benchmark,231.505297182,186.423571787,795.51,2645549056
fabric,1,benchmark,231.75544996,186.673724565,796.58,2645561344
fabric,1,benchmark,232.005837419,186.92411202399998,797.49,2645561344
fabric,1,benchmark,232.256180865,187.17445547,798.9,2645565440
fabric,1,benchmark,232.50669915,187.424973755,800.1,2645569536
fabric,1,benchmark,232.756926119,187.675200724,800.47,2645569536
fabric,1,benchmark,233.007332286,187.925606891,801.4,2645569536
fabric,1,benchmark,233.257363534,188.175638139,801.78,2645569536
fabric,1,benchmark,233.507669336,188.42594394099999,802.52,2645569536
fabric,1,benchmark,233.75804159,188.676316195,803.49,2645569536
fabric,1,benchmark,234.00836557,188.926640175,804.73,2645643264
fabric,1,benchmark,234.258648288,189.17692289299998,805.78,2645643264
fabric,1,benchmark,234.509599549,189.427874154,806.45,2645643264
fabric,1,benchmark,234.759225543,189.677500148,808.05,2645716992
fabric,1,benchmark,235.009656726,189.927931331,808.59,2645716992
fabric,1,benchmark,235.259779974,190.178054579,809.38,2645721088
fabric,1,benchmark,235.510714861,190.428989466,810.08,2645782528
fabric,1,benchmark,235.760204646,190.678479251,811.17,2645782528
fabric,1,benchmark,236.010775183,190.929049788,812.04,2645782528
fabric,1,benchmark,236.260905818,191.179180423,813.49,2645823488
fabric,1,benchmark,236.511319968,191.429594573,814.26,2645823488
fabric,1,benchmark,236.76142886,191.679703465,815.33,2645831680
fabric,1,benchmark,237.011738702,191.930013307,816.68,2645831680
fabric,1,benchmark,237.262117176,192.180391781,817.45,2645831680
fabric,1,benchmark,237.513222268,192.431496873,819.56,2672672768
fabric,1,benchmark,237.763472765,192.68174736999998,821.3,2684506112
fabric,1,benchmark,238.013849007,192.932123612,822.1,2684506112
fabric,1,benchmark,238.264133964,193.182408569,823.58,2688573440
fabric,1,benchmark,238.514559699,193.43283430399998,824.92,2688573440
fabric,1,benchmark,238.764910708,193.683185313,825.49,2688573440
fabric,1,benchmark,239.015183422,193.933458027,827.17,2688577536
fabric,1,benchmark,239.265450357,194.18372496199999,827.64,2688577536
fabric,1,benchmark,239.515807085,194.43408169,829.28,2688589824
fabric,1,benchmark,239.766030566,194.684305171,830.49,2688589824
fabric,1,benchmark,240.016517568,194.934792173,831.97,2688651264
fabric,1,benchmark,240.267036702,195.185311307,833.35,2688720896
fabric,1,benchmark,240.51863812,195.43691272499998,834.28,2688720896
fabric,1,benchmark,240.767049358,195.685323963,835.39,2688720896
fabric,1,benchmark,241.017437093,195.935711698,836.81,2688720896
fabric,1,benchmark,241.26786967,196.186144275,837.99,2688724992
fabric,1,benchmark,241.518802972,196.437077577,840.39,2688737280
fabric,1,benchmark,241.769038228,196.687312833,841.88,2688737280
fabric,1,benchmark,242.019255162,196.937529767,842.7,2688737280
fabric,1,benchmark,242.269467945,197.18774255,844.15,2688749568
fabric,1,benchmark,242.519870418,197.438145023,845.03,2688749568
fabric,1,benchmark,242.770223297,197.688497902,846.38,2688753664
fabric,1,benchmark,243.020585096,197.93885970099998,847.69,2688753664
fabric,1,benchmark,243.27106513,198.189339735,848.86,2688753664
fabric,1,benchmark,243.521272541,198.439547146,849.89,2688757760
fabric,1,benchmark,243.771372305,198.68964691,851.14,2688757760
fabric,1,benchmark,244.022876767,198.941151372,852.38,2688770048
fabric,1,benchmark,244.271994622,199.190269227,853.53,2688770048
fabric,1,benchmark,244.522076164,199.440350769,854.46,2688770048
fabric,1,benchmark,244.772322722,199.690597327,855.67,2688835584
fabric,1,benchmark,245.022555529,199.94083013399998,856.77,2688860160
fabric,1,benchmark,245.272759405,200.19103400999998,857.76,2688872448
fabric,1,benchmark,245.523220153,200.441494758,859.11,2688909312
fabric,1,benchmark,245.780666494,200.698941099,860.8,2688917504
fabric,1,benchmark,246.025238359,200.943512964,861.96,2688917504
fabric,1,benchmark,246.2756073,201.19388190499998,863.14,2688921600
fabric,1,benchmark,246.525892437,201.444167042,864.19,2688933888
fabric,1,benchmark,246.776198154,201.694472759,865.34,2688933888
fabric,1,benchmark,247.026275668,201.944550273,865.93,2688933888
fabric,1,benchmark,247.276766302,202.195040907,867.27,2688942080
fabric,1,benchmark,247.527185553,202.445460158,868.54,2688946176
fabric,1,benchmark,247.777183392,202.695457997,869.64,2688946176
fabric,1,benchmark,248.0273887,202.94566330499998,870.75,2688987136
fabric,1,benchmark,248.277854711,203.196129316,871.51,2688987136
fabric,1,benchmark,248.527964304,203.446238909,872.76,2688991232
fabric,1,benchmark,248.777954379,203.696228984,873.93,2688995328
fabric,1,benchmark,249.028302691,203.946577296,875.23,2688995328
fabric,1,benchmark,249.278495786,204.196770391,876.55,2689015808
fabric,1,benchmark,249.528759144,204.44703374899998,878,2689015808
fabric,1,benchmark,249.778907305,204.69718190999998,878.89,2689028096
fabric,1,benchmark,250.029074176,204.947348781,880,2689028096
fabric,1,benchmark,250.279432706,205.197707311,881.09,2689036288
fabric,1,benchmark,250.529785086,205.448059691,881.77,2689040384
fabric,1,benchmark,250.780078502,205.698353107,883.42,2689056768
fabric,1,benchmark,251.030326764,205.948601369,883.87,2689056768
fabric,1,benchmark,251.280592647,206.19886725199999,884.76,2689056768
fabric,1,benchmark,251.5308513,206.449125905,885.58,2689056768
fabric,1,benchmark,251.781166754,206.699441359,886.5,2689060864
fabric,1,benchmark,252.031260016,206.949534621,887.43,2689060864
fabric,1,benchmark,252.284398338,207.20267294299998,888.58,2689081344
fabric,1,benchmark,252.532706662,207.450981267,890.25,2689101824
fabric,1,benchmark,252.782980702,207.701255307,891.57,2689122304
fabric,1,benchmark,253.033384427,207.95165903199998,892.54,2689122304
fabric,1,benchmark,253.283833004,208.202107609,894.37,2689142784
fabric,1,benchmark,253.533883211,208.45215781599998,894.75,2689142784
fabric,1,benchmark,253.784274744,208.70254934899998,895.6,2689146880
fabric,1,benchmark,254.034611273,208.952885878,896.64,2689146880
fabric,1,benchmark,254.28489523,209.20316983499998,897.8,2689155072
fabric,1,benchmark,254.535241829,209.453516434,898.86,2689155072
fabric,1,benchmark,254.785507743,209.703782348,899.45,2689155072
fabric,1,benchmark,255.035668871,209.953943476,899.91,2689155072
fabric,1,benchmark,255.286047259,210.20432186399998,901.04,2689191936
fabric,1,benchmark,255.536350714,210.454625319,901.41,2689191936
fabric,1,benchmark,255.786638966,210.704913571,902.28,2689191936
fabric,1,benchmark,256.037030153,210.95530475799998,903.21,2689257472
fabric,1,benchmark,256.287479843,211.20575444800002,903.99,2689273856
fabric,1,benchmark,256.537663109,211.455937714,904.69,2689273856
fabric,1,benchmark,256.787954769,211.706229374,905.65,2689273856
fabric,1,benchmark,257.038801156,211.95707576099997,907.22,2689294336
fabric,1,benchmark,257.291096994,212.20937159899998,908.21,2689294336
fabric,1,benchmark,257.539598225,212.45787283,910.07,2689331200
fabric,1,benchmark,257.78985375,212.708128355,910.91,2689331200
fabric,1,benchmark,258.040258173,212.95853277799998,912.14,2689347584
fabric,1,benchmark,258.290536299,213.208810904,913.13,2689347584
fabric,1,benchmark,258.540789994,213.45906459900002,914.35,2689347584
fabric,1,benchmark,258.794893766,213.71316837099997,916,2689355776
fabric,1,benchmark,259.045360349,213.963634954,917.15,2689355776
fabric,1,benchmark,259.295443223,214.213717828,918.11,2689355776
fabric,1,benchmark,259.545631292,214.463905897,919.17,2689384448
fabric,1,benchmark,259.795923964,214.714198569,920.25,2689384448
fabric,1,benchmark,260.046316561,214.96459116600002,921.6,2689396736
fabric,1,benchmark,260.296417494,215.21469209900002,922.27,2689396736
fabric,1,benchmark,260.546759738,215.46503434299999,923.13,2689400832
fabric,1,benchmark,260.797067488,215.71534209299998,924.33,2689486848
fabric,1,benchmark,261.047382989,215.96565759400002,926.05,2689490944
fabric,1,benchmark,261.298030016,216.21630462099998,926.52,2689564672
fabric,1,benchmark,261.548061932,216.466336537,928.04,2689564672
fabric,1,benchmark,261.798257204,216.71653180899997,929.23,2689568768
fabric,1,benchmark,262.049208323,216.967482928,930.17,2689572864
fabric,1,benchmark,262.299450347,217.217724952,930.97,2689683456
fabric,1,benchmark,262.549505413,217.467780018,931.82,2689683456
fabric,1,benchmark,262.799863251,217.71813785599997,933.7,2689777664
fabric,1,benchmark,263.050134114,217.968408719,934.6,2689785856
fabric,1,benchmark,263.300450359,218.21872496400002,935.72,2689818624
fabric,1,benchmark,263.550422178,218.468696783,936.89,2689818624
fabric,1,benchmark,263.800780543,218.71905514799997,937.56,2689818624
fabric,1,benchmark,264.051151889,218.96942649399998,938.93,2689822720
fabric,1,benchmark,264.301367827,219.21964243199997,939.65,2689822720
fabric,1,benchmark,264.551777725,219.47005233000002,940.8,2689822720
fabric,1,benchmark,264.802077175,219.72035178000002,941.8,2689835008
fabric,1,benchmark,265.052394415,219.97066901999997,942.8,2689835008
fabric,1,benchmark,265.302705346,220.22097995099998,943.89,2689851392
fabric,1,benchmark,265.55308969,220.47136429499997,944.86,2689851392
fabric,1,benchmark,265.804835048,220.72310965299997,946.78,2689892352
fabric,1,benchmark,266.054083954,220.972358559,947.41,2689892352
fabric,1,benchmark,266.304332799,221.222607404,947.69,2689896448
fabric,1,benchmark,266.554669277,221.472943882,949.77,2689937408
fabric,1,benchmark,266.804888849,221.723163454,950.64,2689937408
fabric,1,benchmark,267.055191594,221.973466199,951.79,2689937408
fabric,1,benchmark,267.305655306,222.223929911,953,2689949696
fabric,1,benchmark,267.555950761,222.474225366,953.8,2689949696
fabric,1,benchmark,267.806741298,222.725015903,954.86,2689949696
fabric,1,benchmark,268.056710944,222.97498554899997,955.58,2689953792
fabric,1,benchmark,268.307070549,223.225345154,956.59,2689953792
fabric,1,benchmark,268.55733675,223.47561135499998,957.44,2689957888
fabric,1,benchmark,268.807792988,223.726067593,958.77,2689957888
fabric,1,benchmark,269.058111448,223.97638605299997,959.5,2689957888
fabric,1,benchmark,269.308293902,224.226568507,960.19,2689957888
fabric,1,benchmark,269.55855122,224.47682582500002,961.35,2689966080
fabric,1,benchmark,269.80889087,224.72716547500002,962.35,2689966080
fabric,1,benchmark,270.059233599,224.97750820399997,963.19,2689966080
fabric,1,benchmark,270.31041729,225.22869189499997,964.44,2689966080
fabric,1,benchmark,270.559900487,225.478175092,965.38,2689966080
fabric,1,benchmark,270.810179912,225.72845451700002,966.55,2690023424
fabric,1,benchmark,271.060507888,225.978782493,967.57,2690035712
fabric,1,benchmark,271.310801432,226.229076037,968.65,2690039808
fabric,1,benchmark,271.561077986,226.47935259099998,970,2690129920
fabric,1,benchmark,271.811216501,226.72949110599998,970.85,2690142208
fabric,1,benchmark,272.061555595,226.9798302,971.69,2690146304
fabric,1,benchmark,272.311816286,227.230090891,973.17,2690203648
fabric,1,benchmark,272.562183692,227.480458297,974.24,2690203648
fabric,1,benchmark,272.812316344,227.730590949,975.11,2690203648
fabric,1,benchmark,273.065232952,227.98350755699997,976.06,2690293760
fabric,1,benchmark,273.312763616,228.23103822099998,977.97,2690297856
fabric,1,benchmark,273.563113679,228.48138828400002,979.24,2690347008
fabric,1,benchmark,273.81346937,228.731743975,980.39,2690347008
fabric,1,benchmark,274.063483143,228.98175774799998,981.67,2690379776
fabric,1,benchmark,274.313903836,229.232178441,982.47,2690387968
fabric,1,benchmark,274.564225775,229.48250038,984.51,2690404352
fabric,1,benchmark,274.814640296,229.732914901,984.97,2690404352
fabric,1,benchmark,275.065200684,229.98347528899998,986.14,2690404352
fabric,1,benchmark,275.31489911,230.233173715,987.2,2690433024
fabric,1,benchmark,275.565322081,230.48359668599997,988.02,2690433024
fabric,1,benchmark,275.815701458,230.73397606299997,988.95,2690433024
fabric,1,benchmark,276.066097095,230.98437169999997,989.64,2690437120
fabric,1,benchmark,276.316254061,231.234528666,990.52,2690437120
fabric,1,benchmark,276.566549574,231.48482417900001,991.5,2690437120
fabric,1,benchmark,276.818594,231.736868605,992.87,2690457600
fabric,1,benchmark,277.06808765,231.986362255,994.06,2690457600
fabric,1,benchmark,277.318487096,232.236761701,994.4,2690457600
fabric,1,benchmark,277.568736663,232.48701126799997,995.83,2690482176
fabric,1,benchmark,277.819142877,232.73741748199998,996.98,2690482176
fabric,1,benchmark,278.069242095,232.9875167,997.49,2690482176
fabric,1,benchmark,278.321914259,233.24018886399998,998.64,2690543616
fabric,1,benchmark,278.569894633,233.48816923799998,1000.16,2690580480
fabric,1,benchmark,278.820193259,233.738467864,1001.41,2690613248
fabric,1,benchmark,279.071937265,233.99021186999997,1002.5,2690613248
fabric,1,benchmark,279.323884491,234.242159096,1003.5,2690617344
fabric,1,benchmark,279.571266813,234.48954141800002,1005.13,2690617344
fabric,1,benchmark,279.821647291,234.73992189599997,1006.14,2690617344
fabric,1,benchmark,280.072191886,234.99046649099998,1007.14,2690654208
fabric,1,benchmark,280.322396444,235.24067104899999,1008.2,2690654208
fabric,1,benchmark,280.574469834,235.492744439,1009.6,2690654208
fabric,1,benchmark,280.824743664,235.74301826899998,1010.75,2690658304
fabric,1,benchmark,281.080806196,235.99908080100002,1011.61,2690658304
fabric,1,benchmark,281.331090436,236.249365041,1012.5,2690670592
fabric,1,benchmark,281.581457,236.499731605,1014.49,2690674688
fabric,1,benchmark,281.831541648,236.74981625299998,1014.88,2690674688
fabric,1,benchmark,282.08212422,237.00039882500002,1016.54,2690707456
fabric,1,benchmark,282.331947715,237.25022232,1017.28,2690707456
fabric,1,benchmark,282.582202641,237.50047724599997,1018.26,2690707456
fabric,1,benchmark,282.832703057,237.750977662,1019.77,2690711552
fabric,1,benchmark,283.083235974,238.00151057899998,1021.23,2690719744
fabric,1,benchmark,283.333194173,238.25146877799997,1021.99,2690719744
fabric,1,benchmark,283.583568023,238.501842628,1022.77,2690723840
fabric,1,benchmark,283.833849445,238.75212405,1023.85,2690723840
fabric,1,benchmark,284.084350679,239.002625284,1024.81,2690732032
fabric,1,benchmark,284.334159098,239.25243370299998,1026.01,2690732032
fabric,1,benchmark,284.584816589,239.503091194,1027.2,2690736128
fabric,1,benchmark,284.835045867,239.753320472,1028.26,2690736128
fabric,1,benchmark,285.085629031,240.003903636,1029.42,2690748416
fabric,1,benchmark,285.335637818,240.253912423,1030.41,2690748416
fabric,1,benchmark,285.586056425,240.50433102999997,1031.36,2690752512
fabric,1,benchmark,285.836244858,240.75451946299998,1032.57,2690752512
fabric,1,benchmark,286.086544058,241.004818663,1033.8,2690752512
fabric,1,benchmark,286.336651657,241.254926262,1034.94,2690764800
fabric,1,benchmark,286.587543765,241.50581837000001,1036.53,2690768896
fabric,1,benchmark,286.837660592,241.755935197,1037.5,2690768896
fabric,1,benchmark,287.088136577,242.006411182,1038.39,2690772992
fabric,1,benchmark,287.33836569,242.25664029499998,1039.22,2690772992
fabric,1,benchmark,287.58874009,242.50701469499998,1040.29,2690772992
fabric,1,benchmark,287.839013402,242.75728800699997,1041.39,2690777088
fabric,1,benchmark,288.089238333,243.00751293800002,1042.5,2690785280
fabric,1,benchmark,288.339672023,243.25794662799998,1043.71,2690789376
fabric,1,benchmark,288.589587398,243.50786200299999,1044.36,2690789376
fabric,1,benchmark,288.840080549,243.758355154,1045.33,2690789376
fabric,1,benchmark,289.090302457,244.008577062,1046.32,2690789376
fabric,1,benchmark,289.340785537,244.25906014199998,1047.65,2690797568
fabric,1,benchmark,289.591154222,244.509428827,1048.69,2690801664
fabric,1,benchmark,289.841542836,244.75981744099997,1050.18,2690830336
fabric,1,benchmark,290.092268106,245.010542711,1051.19,2690830336
fabric,1,benchmark,290.342621007,245.26089561199998,1052.12,2690842624
fabric,1,benchmark,290.592814961,245.51108956599998,1053.38,2690842624
fabric,1,benchmark,290.843107778,245.76138238299998,1053.99,2690842624
fabric,1,benchmark,291.093755702,246.012030307,1055.02,2690842624
fabric,1,benchmark,291.344043558,246.262318163,1056.27,2690842624
fabric,1,benchmark,291.594219329,246.512493934,1057.84,2690867200
fabric,1,benchmark,291.844577626,246.76285223099998,1059.02,2690867200
fabric,1,benchmark,292.094903892,247.01317849699998,1059.8,2690867200
fabric,1,benchmark,292.345298101,247.26357270600002,1061.18,2690871296
fabric,1,benchmark,292.595473449,247.513748054,1062.2,2690871296
fabric,1,benchmark,292.84554375,247.76381835499998,1063.19,2690871296
fabric,1,benchmark,293.095903365,248.01417797000002,1064.19,2690871296
fabric,1,benchmark,293.346292282,248.26456688699997,1065.3,2690891776
fabric,1,benchmark,293.596491249,248.514765854,1066.45,2690891776
fabric,1,benchmark,293.846718135,248.76499274,1067.39,2690891776
fabric,1,benchmark,294.097179103,249.01545370799997,1069.03,2690904064
fabric,1,benchmark,294.347368757,249.26564336200002,1070.17,2690904064
fabric,1,benchmark,294.597677137,249.515951742,1071.57,2690908160
fabric,1,benchmark,294.848000846,249.76627545099998,1072.71,2690908160
fabric,1,benchmark,295.098283402,250.016558007,1073.71,2690916352
fabric,1,benchmark,295.348600671,250.26687527599998,1075.05,2690916352
fabric,1,benchmark,295.598770562,250.51704516700002,1075.72,2690916352
fabric,1,benchmark,295.84932823,250.76760283500002,1076.88,2690932736
fabric,1,benchmark,296.099877277,251.018151882,1078.9,2690965504
fabric,1,benchmark,296.349764232,251.26803883699998,1079.6,2690965504
fabric,1,benchmark,296.60012878,251.51840338499997,1080.85,2690965504
fabric,1,benchmark,296.850526418,251.768801023,1081.98,2691014656
fabric,1,benchmark,297.100646902,252.018921507,1082.81,2691014656
fabric,1,benchmark,297.351017778,252.26929238300002,1083.65,2691014656
fabric,1,benchmark,297.600921681,252.51919628599998,1084.73,2691014656
fabric,1,benchmark,297.851349568,252.76962417299998,1086.17,2691026944
fabric,1,benchmark,298.101609016,253.019883621,1086.8,2691026944
fabric,1,benchmark,298.351891666,253.27016627099997,1087.71,2691039232
fabric,1,benchmark,298.602309072,253.52058367700002,1088.96,2691051520
fabric,1,benchmark,298.852576509,253.770851114,1089.57,2691051520
fabric,1,benchmark,299.102576792,254.02085139699997,1090.34,2691051520
fabric,1,benchmark,299.352835088,254.271109693,1092.71,2691121152
fabric,1,benchmark,299.603033281,254.52130788600002,1093.45,2691125248
fabric,1,benchmark,299.853233152,254.77150775699997,1094.63,2691125248
fabric,1,benchmark,300.103513077,255.021787682,1095.85,2691170304
fabric,1,benchmark,300.353773951,255.272048556,1096.84,2691219456
fabric,1,benchmark,300.603917759,255.522192364,1098.14,2691244032
fabric,1,benchmark,300.854287146,255.77256175099998,1099.31,2691244032
fabric,1,benchmark,301.104432462,256.022707067,1100.61,2691276800
fabric,1,benchmark,301.356916542,256.27519114700004,1101.6,2691371008
fabric,1,benchmark,301.604985176,256.52325978100004,1103.81,2691371008
fabric,1,benchmark,301.855281697,256.77355630200003,1104.5,2691399680
fabric,1,benchmark,302.105134877,257.02340948200003,1105.58,2691399680
fabric,1,benchmark,302.355420437,257.27369504200004,1106.44,2691399680
fabric,1,benchmark,302.605829123,257.524103728,1107.28,2691399680
fabric,1,benchmark,302.855897381,257.774171986,1107.54,2691399680
fabric,1,benchmark,303.106117256,258.024391861,1107.81,2691399680
fabric,1,benchmark,303.356916209,258.27519081400004,1108.78,2691440640
fabric,1,benchmark,303.608103191,258.526377796,1110.01,2691448832
fabric,1,benchmark,303.858418669,258.776693274,1110.32,2691448832
fabric,1,benchmark,304.10861745,259.026892055,1110.95,2691448832
fabric,1,benchmark,304.358971949,259.27724655400004,1111.72,2691448832
fabric,1,benchmark,304.609800302,259.528074907,1112.29,2691477504
fabric,1,benchmark,304.859854924,259.778129529,1113.04,2691477504
fabric,1,benchmark,305.110121207,260.02839581200004,1113.38,2691477504
fabric,1,benchmark,305.360464493,260.278739098,1113.97,2691477504
fabric,1,benchmark,305.610961817,260.529236422,1114.9,2691477504
fabric,1,benchmark,305.860946943,260.779221548,1115.39,2691477504
fabric,1,benchmark,306.111154961,261.02942956600003,1115.81,2691477504
fabric,1,benchmark,306.361414761,261.279689366,1116.18,2691477504
fabric,1,benchmark,306.611885791,261.53016039600004,1117.11,2691477504
fabric,1,benchmark,306.862145719,261.78042032400003,1117.37,2691477504
fabric,1,benchmark,307.112184636,262.030459241,1119.03,2691493888
fabric,1,benchmark,307.362423532,262.280698137,1120.11,2691493888
fabric,1,benchmark,307.612780325,262.53105493000004,1120.8,2691493888
fabric,1,benchmark,307.863087252,262.78136185700004,1121.93,2691493888
fabric,1,benchmark,308.11297066,263.031245265,1123.09,2691510272
fabric,1,benchmark,308.363371482,263.281646087,1124.11,2691510272
fabric,1,benchmark,308.613612386,263.531886991,1125.62,2691563520
fabric,1,benchmark,308.863852208,263.78212681300005,1126.52,2691563520
fabric,1,benchmark,309.114187875,264.03246248000005,1127.58,2691612672
fabric,1,benchmark,309.364758023,264.283032628,1129.79,2727641088
fabric,1,benchmark,309.614936273,264.53321087800003,1131.28,2727641088
fabric,1,benchmark,309.865155952,264.78343055700003,1131.54,2727641088
fabric,1,benchmark,310.115340829,265.033615434,1132.16,2727645184
fabric,1,benchmark,310.365682014,265.28395661900004,1133.1,2740183040
fabric,1,benchmark,310.615806618,265.53408122300004,1133.37,2740183040
fabric,1,benchmark,310.866168142,265.784442747,1134.18,2742112256
fabric,1,benchmark,311.116441301,266.03471590600003,1135.11,2742112256
fabric,1,benchmark,311.366635616,266.284910221,1135.4,2742112256
fabric,1,benchmark,311.616990059,266.535264664,1136.09,2742112256
fabric,1,benchmark,311.867319309,266.785593914,1137.4,2742120448
fabric,1,benchmark,312.117511692,267.035786297,1138.16,2742120448
fabric,1,benchmark,312.367467214,267.285741819,1138.48,2742120448
fabric,1,benchmark,312.617850706,267.53612531100003,1139.57,2742120448
fabric,1,benchmark,312.868156042,267.78643064700003,1140.29,2742120448
fabric,1,benchmark,313.122116747,268.04039135200003,1140.94,2742145024
fabric,1,benchmark,313.3698989,268.28817350500003,1141.86,2742145024
fabric,1,benchmark,313.619895251,268.538169856,1142.77,2742145024
fabric,1,benchmark,313.870485469,268.78876007400004,1143.33,2742145024
fabric,1,benchmark,314.12853219,269.046806795,1144.51,2742153216
fabric,1,benchmark,314.375905591,269.294180196,1145.36,2742153216
fabric,1,benchmark,314.626194044,269.544468649,1146.09,2742153216
fabric,1,benchmark,314.876596981,269.794871586,1146.42,2742153216
fabric,1,benchmark,315.127000528,270.045275133,1147.91,2742173696
fabric,1,benchmark,315.378227064,270.296501669,1149,2742173696
fabric,1,benchmark,315.627169519,270.545444124,1149.4,2742173696
fabric,1,benchmark,315.877954912,270.79622951700003,1150.89,2742235136
fabric,1,benchmark,316.128150506,271.046425111,1151.57,2743037952
fabric,1,benchmark,316.37854693,271.29682153500005,1152.41,2743042048
fabric,1,benchmark,316.628750635,271.54702524000004,1153.14,2743042048
fabric,1,benchmark,316.879201059,271.79747566400005,1153.96,2743066624
fabric,1,benchmark,317.129804181,272.048078786,1154.87,2743070720
fabric,1,benchmark,317.380238944,272.298513549,1155.77,2743144448
fabric,1,benchmark,317.630401375,272.54867598000004,1157.25,2743148544
fabric,1,benchmark,317.880887448,272.79916205300003,1158.24,2743156736
fabric,1,benchmark,318.131376862,273.04965146700005,1158.97,2743156736
fabric,1,benchmark,318.381647706,273.29992231100005,1159.81,2743156736
fabric,1,benchmark,318.632087327,273.55036193200004,1161.05,2743173120
fabric,1,benchmark,318.882298375,273.80057298,1161.78,2743173120
fabric,1,benchmark,319.145249633,274.063524238,1162.84,2743173120
fabric,1,benchmark,319.382840058,274.301114663,1163.7,2743173120
fabric,1,benchmark,319.633125799,274.55140040400005,1165.51,2743189504
fabric,1,benchmark,319.884597267,274.802871872,1166.95,2743189504
fabric,1,benchmark,320.133904009,275.052178614,1167.61,2743189504
fabric,1,benchmark,320.38422391,275.302498515,1168.56,2743189504
fabric,1,benchmark,320.634492679,275.552767284,1169.73,2743189504
fabric,1,benchmark,320.884959425,275.80323403,1170.71,2743209984
fabric,1,benchmark,321.135168848,276.053443453,1171.66,2743234560
fabric,1,benchmark,321.386316658,276.304591263,1172.25,2743234560
fabric,1,benchmark,321.635909501,276.55418410600004,1173.47,2743234560
fabric,1,benchmark,321.886184856,276.804459461,1173.91,2743234560
fabric,1,benchmark,322.136553925,277.05482853,1175.01,2743238656
fabric,1,benchmark,322.386903494,277.30517809900005,1176.24,2743238656
fabric,1,benchmark,322.636962358,277.555236963,1176.7,2743238656
fabric,1,benchmark,322.887407508,277.80568211300005,1177.64,2743238656
fabric,1,benchmark,323.139398834,278.05767343900004,1178.8,2743250944
fabric,1,benchmark,323.38830465,278.30657925500003,1180.49,2743279616
fabric,1,benchmark,323.638514779,278.556789384,1181.25,2743279616
fabric,1,benchmark,323.888736857,278.80701146200005,1182.05,2743279616
fabric,1,benchmark,324.138820518,279.057095123,1183.48,2743291904
fabric,1,benchmark,324.389204753,279.307479358,1184.85,2743328768
fabric,1,benchmark,324.639602479,279.55787708400004,1185.97,2743336960
fabric,1,benchmark,324.88951765,279.80779225500004,1186.92,2743357440
fabric,1,benchmark,325.139927864,280.05820246900004,1188.16,2743435264
fabric,1,benchmark,325.390299567,280.308574172,1189.19,2743435264
fabric,1,benchmark,325.640654269,280.558928874,1189.91,2743435264
fabric,1,benchmark,325.890901853,280.809176458,1191.24,2743541760
fabric,1,benchmark,326.141145477,281.05942008200003,1192.16,2743541760
fabric,1,benchmark,326.391452855,281.30972746000003,1193.28,2743545856
fabric,1,benchmark,326.641768122,281.560042727,1194.45,2743549952
fabric,1,benchmark,326.891958112,281.810232717,1195.23,2743549952
fabric,1,benchmark,327.142188863,282.060463468,1196.27,2743549952
fabric,1,benchmark,327.392362222,282.310636827,1197.34,2743562240
fabric,1,benchmark,327.642558232,282.560832837,1198.41,2743562240
fabric,1,benchmark,327.89482589,282.813100495,1200.03,2743566336
fabric,1,benchmark,328.145154214,283.063428819,1200.92,2743582720
fabric,1,benchmark,328.395015325,283.31328993,1201.26,2743582720
fabric,1,benchmark,328.645294896,283.563569501,1202.57,2743582720
fabric,1,benchmark,328.895590697,283.813865302,1202.88,2743582720
fabric,1,benchmark,329.14574246,284.06401706500003,1203.13,2743582720
fabric,1,benchmark,329.396258571,284.314533176,1204.14,2743586816
fabric,1,benchmark,329.646412354,284.564686959,1204.68,2743586816
fabric,1,benchmark,329.896948864,284.81522346900005,1205.76,2743586816
fabric,1,benchmark,330.14719839,285.06547299500005,1206.4,2743586816
fabric,1,benchmark,330.397436615,285.31571122,1207.98,2744057856
fabric,1,benchmark,330.647463909,285.56573851400003,1208.85,2744057856
fabric,1,benchmark,330.897945304,285.81621990900004,1210.07,2752036864
fabric,1,benchmark,331.148296713,286.066571318,1210.75,2752036864
fabric,1,benchmark,331.398641541,286.31691614600004,1211.6,2752036864
fabric,1,benchmark,331.648754868,286.56702947300005,1212.87,2752040960
fabric,1,benchmark,331.899122845,286.81739745000004,1213.72,2752040960
fabric,1,benchmark,332.149503023,287.06777762800004,1214.89,2752040960
fabric,1,benchmark,332.400172735,287.31844734000003,1215.78,2752040960
fabric,1,benchmark,332.650213266,287.568487871,1217.15,2752040960
fabric,1,benchmark,332.900450994,287.818725599,1217.83,2752040960
fabric,1,benchmark,333.150855731,288.069130336,1219.05,2752045056
fabric,1,benchmark,333.401134572,288.319409177,1220.17,2752053248
fabric,1,benchmark,333.651330058,288.569604663,1221.37,2752053248
fabric,1,benchmark,333.901368445,288.81964305,1221.64,2752053248
fabric,1,benchmark,334.151677675,289.06995228,1222.79,2752126976
fabric,1,benchmark,334.402168713,289.320443318,1224.31,2752135168
fabric,1,benchmark,334.652093284,289.570367889,1224.68,2752135168
fabric,1,benchmark,334.902631363,289.82090596800003,1225.97,2752167936
fabric,1,benchmark,335.16157927,290.079853875,1226.81,2752167936
fabric,1,benchmark,335.412019744,290.33029434900004,1227.4,2752167936
fabric,1,benchmark,335.662195345,290.58046995,1227.84,2752167936
fabric,1,benchmark,335.915503136,290.833777741,1228.8,2752258048
fabric,1,benchmark,336.162838328,291.08111293300004,1229.97,2752258048
fabric,1,benchmark,336.413195026,291.331469631,1230.74,2752258048
fabric,1,benchmark,336.663516212,291.581790817,1231.72,2752258048
fabric,1,benchmark,336.914103829,291.832378434,1232.97,2752315392
fabric,1,benchmark,337.164415972,292.082690577,1233.93,2752315392
fabric,1,benchmark,337.414865693,292.33314029800005,1235.37,2752327680
fabric,1,benchmark,337.664961605,292.58323621,1236.62,2752327680
fabric,1,benchmark,337.91533504,292.833609645,1237.6,2752327680
fabric,1,benchmark,338.16561782,293.08389242500004,1238.79,2752389120
fabric,1,benchmark,338.415972613,293.33424721800003,1239.72,2752389120
fabric,1,benchmark,338.666419991,293.584694596,1240.61,2752389120
fabric,1,benchmark,338.916696339,293.834970944,1241.65,2752413696
fabric,1,benchmark,339.16849016,294.086764765,1243.07,2752413696
fabric,1,benchmark,339.417110817,294.335385422,1243.67,2752417792
fabric,1,benchmark,339.667622306,294.585896911,1245.17,2752430080
fabric,1,benchmark,339.918059229,294.836333834,1245.63,2752430080
fabric,1,benchmark,340.168402148,295.086676753,1246.45,2752430080
fabric,1,benchmark,340.418703525,295.33697813000003,1247.9,2752430080
fabric,1,benchmark,340.668678295,295.5869529,1248.29,2752430080
fabric,1,benchmark,340.919091235,295.83736584,1249.61,2752491520
fabric,1,benchmark,341.169471633,296.087746238,1250.01,2752491520
fabric,1,benchmark,341.419719525,296.33799413,1251.22,2752491520
fabric,1,benchmark,341.669573238,296.587847843,1251.62,2752491520
fabric,1,benchmark,341.9200715,296.838346105,1252.64,2752540672
fabric,1,benchmark,342.170368162,297.088642767,1253.81,2752540672
fabric,1,benchmark,342.420543718,297.338818323,1254.48,2752540672
fabric,1,benchmark,342.670934444,297.58920904900003,1255.3,2752540672
fabric,1,benchmark,342.922471105,297.84074571,1256.08,2752614400
fabric,1,benchmark,343.171411269,298.089685874,1257.12,2752618496
fabric,1,benchmark,343.421784793,298.340059398,1257.9,2752679936
fabric,1,benchmark,343.67183394,298.590108545,1258.8,2752679936
fabric,1,benchmark,343.922655764,298.84093036900003,1259.63,2752720896
fabric,1,benchmark,344.172448337,299.090722942,1260.5,2752720896
fabric,1,benchmark,344.422725014,299.340999619,1261.08,2752720896
fabric,1,benchmark,344.673178989,299.59145359400003,1261.99,2752720896
fabric,1,benchmark,344.923489306,299.84176391100004,1262.55,2752729088
fabric,1,benchmark,345.173687527,300.09196213200005,1264.13,2780573696
fabric,1,benchmark,345.424164831,300.342439436,1265.03,2780561408
fabric,1,benchmark,345.674297968,300.59257257300004,1266.06,2780545024
fabric,1,benchmark,345.924817243,300.84309184800003,1266.98,2780540928
fabric,1,benchmark,346.175026412,301.09330101700004,1267.87,2780540928
fabric,1,benchmark,346.425471953,301.343746558,1269.29,2780524544
fabric,1,benchmark,346.675817119,301.594091724,1269.7,2780528640
fabric,1,benchmark,346.926057488,301.84433209300005,1270.94,2780528640
fabric,1,benchmark,347.176218153,302.094492758,1271.35,2780528640
fabric,1,benchmark,347.426548746,302.344823351,1271.83,2780528640
fabric,1,benchmark,347.67691334,302.595187945,1272.94,2780561408
fabric,1,benchmark,347.927269732,302.84554433700004,1274.15,2780561408
fabric,1,benchmark,348.177452636,303.095727241,1274.71,2780561408
fabric,1,benchmark,348.427717794,303.345992399,1275.13,2780561408
fabric,1,benchmark,348.678057145,303.59633175000005,1276.06,2780581888
fabric,1,benchmark,348.928118431,303.846393036,1276.86,2780585984
fabric,1,benchmark,349.178200578,304.096475183,1277.13,2780585984
fabric,1,benchmark,349.428557719,304.34683232400005,1277.92,2780585984
fabric,1,benchmark,349.678776502,304.597051107,1278.83,2780618752
fabric,1,benchmark,349.929191113,304.847465718,1279.65,2780618752
fabric,1,benchmark,350.17931721,305.09759181500004,1280.59,2780618752
fabric,1,benchmark,350.429611605,305.34788621,1281.65,2780639232
fabric,1,benchmark,350.679780123,305.598054728,1282.95,2780639232
fabric,1,benchmark,350.929695218,305.847969823,1283.23,2780639232
fabric,1,benchmark,351.180216582,306.09849118700004,1283.86,2780672000
fabric,1,benchmark,351.43061127,306.348885875,1285.07,2780672000
fabric,1,benchmark,351.680621689,306.59889629400004,1285.46,2780672000
fabric,1,benchmark,351.931256556,306.849531161,1286.4,2780676096
fabric,1,benchmark,352.181441792,307.099716397,1287.65,2780676096
fabric,1,benchmark,352.431615147,307.349889752,1288.09,2780676096
fabric,1,benchmark,352.682042674,307.600317279,1288.53,2780680192
fabric,1,benchmark,352.932320132,307.850594737,1289.34,2780680192
fabric,1,benchmark,353.182260414,308.100535019,1290.19,2780688384
fabric,1,benchmark,353.433171492,308.351446097,1290.94,2780712960
fabric,1,benchmark,353.683329234,308.601603839,1291.71,2780712960
fabric,1,benchmark,353.933849791,308.852124396,1292.16,2780712960
fabric,1,benchmark,354.183934178,309.10220878300004,1293.18,2780712960
fabric,1,benchmark,354.433818255,309.35209286,1293.48,2780712960
fabric,1,benchmark,354.684434887,309.60270949200003,1294.95,2780753920
fabric,1,benchmark,354.934810305,309.85308491,1295.41,2780753920
fabric,1,benchmark,355.184922891,310.103197496,1296.84,2780782592
fabric,1,benchmark,355.434875069,310.353149674,1297.11,2780782592
fabric,1,benchmark,355.685333681,310.603608286,1298.45,2780782592
fabric,1,benchmark,355.935515518,310.853790123,1298.85,2780782592
fabric,1,benchmark,356.186049653,311.104324258,1299.71,2780790784
fabric,1,benchmark,356.436312014,311.35458661900003,1300.36,2780790784
fabric,1,benchmark,356.686468009,311.60474261400003,1301.67,2780794880
fabric,1,benchmark,356.936756649,311.85503125400004,1302.1,2780794880
fabric,1,benchmark,357.187040209,312.105314814,1303.51,2780827648
fabric,1,benchmark,357.437387703,312.35566230800003,1303.9,2780827648
fabric,1,benchmark,357.687258052,312.605532657,1305.4,2780835840
fabric,1,benchmark,357.93795072,312.856225325,1305.77,2780852224
fabric,1,benchmark,358.188102119,313.10637672400003,1306.91,2780852224
fabric,1,benchmark,358.438384977,313.356659582,1307.89,2780852224
fabric,1,benchmark,358.688752839,313.60702744400004,1309.32,2780876800
fabric,1,benchmark,358.938915149,313.85718975400005,1309.65,2780876800
fabric,1,benchmark,359.189272048,314.10754665300004,1310.71,2780876800
fabric,1,benchmark,359.439629078,314.357903683,1311.52,2780897280
fabric,1,benchmark,359.689747875,314.60802248000005,1312.46,2780897280
fabric,1,benchmark,359.940226078,314.85850068300005,1313.57,2780897280
fabric,1,benchmark,360.190484541,315.108759146,1314.26,2780917760
fabric,1,benchmark,360.442075818,315.360350423,1315.54,2780917760
fabric,1,benchmark,360.692319489,315.610594094,1315.91,2780917760
fabric,1,benchmark,360.9423802,315.860654805,1316.17,2780917760
fabric,1,benchmark,361.193022799,316.111297404,1317.13,2780930048
fabric,1,benchmark,361.443039378,316.361313983,1317.91,2780930048
fabric,1,benchmark,361.693790942,316.61206554700004,1318.87,2780930048
fabric,1,benchmark,361.944206718,316.862481323,1319.98,2780954624
fabric,1,benchmark,362.19433635,317.11261095500004,1320.46,2780954624
fabric,1,benchmark,362.444734715,317.36300932,1321.95,2780954624
fabric,1,benchmark,362.697123926,317.61539853100004,1322.91,2780954624
fabric,1,benchmark,362.947470607,317.86574521200004,1323.84,2780979200
fabric,1,benchmark,363.197763475,318.11603808,1324.82,2780995584
fabric,1,benchmark,363.448103485,318.36637809,1325.92,2780999680
fabric,1,benchmark,363.698047226,318.61632183100005,1326.69,2780999680
fabric,1,benchmark,363.948452437,318.86672704200004,1327.11,2781011968
fabric,1,benchmark,364.198749773,319.117024378,1328.04,2781011968
fabric,1,benchmark,364.449117783,319.36739238800004,1329.15,2781011968
fabric,1,benchmark,364.699314104,319.617588709,1329.76,2781011968
fabric,1,benchmark,364.94966423,319.867938835,1330.69,2781065216
fabric,1,benchmark,365.200017287,320.118291892,1331.5,2781077504
fabric,1,benchmark,365.452374581,320.37064918600004,1332.82,2781077504
fabric,1,benchmark,365.702081856,320.62035646100003,1333.96,2781106176
fabric,1,benchmark,365.952551687,320.870826292,1334.87,2781093888
fabric,1,benchmark,366.202813467,321.121088072,1336.25,2793459712
fabric,1,benchmark,366.453038836,321.37131344100004,1337.11,2793496576
fabric,1,benchmark,366.703380369,321.621654974,1338.29,2793500672
fabric,1,benchmark,366.954674198,321.87294880300004,1339.27,2793496576
fabric,1,benchmark,367.206550744,322.12482534900005,1339.76,2793537536
fabric,1,benchmark,367.455248717,322.37352332200004,1340.76,2793537536
fabric,1,benchmark,367.705527545,322.62380215,1341.68,2793537536
fabric,1,benchmark,367.955801823,322.874076428,1342.74,2793537536
fabric,1,benchmark,368.206348343,323.124622948,1343.7,2793558016
fabric,1,benchmark,368.456602849,323.374877454,1344.4,2793558016
fabric,1,benchmark,368.706801641,323.62507624600005,1345.05,2793558016
fabric,1,benchmark,368.956990122,323.875264727,1345.99,2793558016
fabric,1,benchmark,369.207309319,324.125583924,1346.85,2793558016
fabric,1,benchmark,369.458462857,324.376737462,1348.44,2793660416
fabric,1,benchmark,369.707795216,324.62606982100004,1349.42,2793660416
fabric,1,benchmark,369.959252446,324.877527051,1350.15,2793660416
fabric,1,benchmark,370.208242467,325.126517072,1351.45,2793713664
fabric,1,benchmark,370.45852768,325.376802285,1352.25,2793713664
fabric,1,benchmark,370.70895056,325.627225165,1353.37,2793713664
fabric,1,benchmark,370.958813021,325.87708762600005,1354.15,2793721856
fabric,1,benchmark,371.209698791,326.127973396,1356.6,2807803904
fabric,1,benchmark,371.460004074,326.378278679,1358.08,2832125952
fabric,1,benchmark,371.710160868,326.628435473,1359.2,2832125952
fabric,1,benchmark,371.960380444,326.87865504900003,1360.35,2832125952
fabric,1,benchmark,372.210750658,327.129025263,1361.27,2832130048
fabric,1,benchmark,372.460953703,327.379228308,1362.22,2850316288
fabric,1,benchmark,372.711284674,327.62955927900003,1363.03,2850316288
fabric,1,benchmark,372.961606263,327.87988086800004,1363.66,2850316288
fabric,1,benchmark,373.211931753,328.130206358,1364.71,2850340864
fabric,1,benchmark,373.462225041,328.38049964600003,1365.7,2850340864
fabric,1,benchmark,373.7125523,328.63082690500005,1366.42,2850340864
fabric,1,benchmark,373.966015258,328.88428986300005,1367.54,2850381824
fabric,1,benchmark,374.213457437,329.131732042,1368.48,2852491264
fabric,1,benchmark,374.463872518,329.38214712300004,1369.5,2852491264
fabric,1,benchmark,374.714224446,329.632499051,1370.24,2852491264
fabric,1,benchmark,374.964680148,329.88295475300004,1371.52,2852524032
fabric,1,benchmark,375.214866977,330.133141582,1372.32,2852524032
fabric,1,benchmark,375.465238394,330.383512999,1373.03,2852524032
fabric,1,benchmark,375.717586816,330.635861421,1374.56,2852544512
fabric,1,benchmark,375.965681562,330.883956167,1377.63,2890297344
fabric,1,benchmark,376.216089179,331.134363784,1378.55,2890297344
fabric,1,benchmark,376.466314688,331.38458929300003,1379.98,2898001920
fabric,1,benchmark,376.716614849,331.634889454,1380.79,2898001920
fabric,1,benchmark,376.966694059,331.88496866400004,1381.64,2898001920
fabric,1,benchmark,377.217194878,332.135469483,1382.22,2898010112
fabric,1,benchmark,377.46752298,332.38579758500003,1383.21,2899161088
fabric,1,benchmark,377.717817129,332.63609173400005,1384.1,2899156992
fabric,1,benchmark,377.968111307,332.88638591200004,1384.93,2899156992
fabric,1,benchmark,378.218358533,333.13663313800004,1386.29,2899156992
fabric,1,benchmark,378.468536855,333.38681146000005,1387.07,2899156992
fabric,1,benchmark,378.718882095,333.63715670000005,1387.91,2899156992
fabric,1,benchmark,378.968978121,333.88725272600004,1388.18,2899156992
fabric,1,benchmark,379.218819305,334.13709391000003,1388.44,2899156992
fabric,1,benchmark,379.46950797,334.387782575,1389.17,2899156992
fabric,1,benchmark,379.719869118,334.63814372300004,1390.29,2899156992
fabric,1,benchmark,379.970165132,334.888439737,1391.14,2899156992
fabric,1,benchmark,380.22033489,335.138609495,1391.83,2899156992
fabric,1,benchmark,380.471461134,335.389735739,1393.38,2899185664
fabric,1,benchmark,380.721730036,335.640004641,1395.52,2899197952
fabric,1,benchmark,380.971927623,335.890202228,1396.75,2899197952
fabric,1,benchmark,381.221922031,336.14019663600004,1397.6,2899197952
fabric,1,benchmark,381.472237614,336.390512219,1398.55,2900885504
fabric,1,benchmark,381.722477172,336.64075177700005,1399.42,2900885504
fabric,1,benchmark,381.972767412,336.891042017,1400.14,2900885504
fabric,1,benchmark,382.223342486,337.141617091,1401.17,2900889600
fabric,1,benchmark,382.473972712,337.392247317,1402.34,2900905984
fabric,1,benchmark,382.724170956,337.64244556100005,1403.5,2900905984
fabric,1,benchmark,382.974635652,337.89291025700004,1404.28,2900905984
fabric,1,benchmark,383.224935711,338.143210316,1405.65,2900905984
fabric,1,benchmark,383.474861571,338.39313617600004,1406.66,2900905984
fabric,1,benchmark,383.725171009,338.64344561400003,1407.75,2900905984
fabric,1,benchmark,383.975671835,338.89394644000004,1409.94,2900938752
fabric,1,benchmark,384.225677117,339.143951722,1411.12,2900938752
fabric,1,benchmark,384.476270247,339.394544852,1412.28,2900946944
fabric,1,benchmark,384.726403425,339.64467803,1413.1,2900946944
fabric,1,benchmark,384.976811574,339.89508617900003,1414.01,2900946944
fabric,1,benchmark,385.226914319,340.145188924,1415.17,2900946944
fabric,1,benchmark,385.477424393,340.395698998,1416.33,2900959232
fabric,1,benchmark,385.727564289,340.645838894,1417.31,2900959232
fabric,1,benchmark,385.97783314,340.896107745,1418.18,2900959232
fabric,1,benchmark,386.228024787,341.146299392,1419.21,2900983808
fabric,1,benchmark,386.478040236,341.39631484100005,1420.32,2900983808
fabric,1,benchmark,386.728378399,341.64665300400003,1421.14,2900983808
fabric,1,benchmark,386.978645508,341.896920113,1422.22,2900992000
fabric,1,benchmark,387.229204791,342.147479396,1424.07,2901020672
fabric,1,benchmark,387.479382256,342.39765686100003,1425.33,2901020672
fabric,1,benchmark,387.72957829,342.647852895,1426.23,2901020672
fabric,1,benchmark,387.979854268,342.898128873,1427.1,2901016576
fabric,1,benchmark,388.230000449,343.148275054,1428.15,2901028864
fabric,1,benchmark,388.481859812,343.400134417,1429.34,2901028864
fabric,1,benchmark,388.731668046,343.649942651,1430.22,2901028864
fabric,1,benchmark,388.981778224,343.900052829,1431.18,2901028864
fabric,1,benchmark,389.231904852,344.15017945700004,1432.42,2901057536
fabric,1,benchmark,389.482224409,344.40049901400005,1433.44,2901057536
fabric,1,benchmark,389.732127706,344.65040231100005,1434.34,2901057536
fabric,1,benchmark,389.982665682,344.900940287,1435.5,2901069824
fabric,1,benchmark,390.23282272,345.151097325,1436.58,2901069824
fabric,1,benchmark,390.48345903,345.401733635,1438.21,2901094400
fabric,1,benchmark,390.733809716,345.652084321,1439.52,2901139456
fabric,1,benchmark,390.984090758,345.902365363,1440.45,2901139456
fabric,1,benchmark,391.234538708,346.152813313,1441.24,2901213184
fabric,1,benchmark,391.48460672,346.402881325,1442.12,2901213184
fabric,1,benchmark,391.734996065,346.65327067000004,1442.94,2901213184
fabric,1,benchmark,391.985222933,346.903497538,1443.88,2901213184
fabric,1,benchmark,392.235380837,347.153655442,1445.22,2901237760
fabric,1,benchmark,392.485624235,347.40389884,1446.02,2901237760
fabric,1,benchmark,392.735906813,347.654181418,1446.73,2901237760
fabric,1,benchmark,392.986181241,347.904455846,1447.72,2901241856
fabric,1,benchmark,393.23627792,348.15455252500004,1448.69,2901254144
fabric,1,benchmark,393.486678944,348.404953549,1449.66,2901254144
fabric,1,benchmark,393.736875597,348.655150202,1450.54,2901258240
fabric,1,benchmark,393.98731187,348.905586475,1451.31,2901258240
fabric,1,benchmark,394.237344644,349.15561924900004,1452.8,2901282816
fabric,1,benchmark,394.487603109,349.40587771400004,1453.75,2901282816
fabric,1,benchmark,394.738058922,349.656333527,1454.92,2901282816
fabric,1,benchmark,394.98841026,349.90668486500005,1455.61,2901291008
fabric,1,benchmark,395.238393019,350.156667624,1457.44,2901241856
fabric,1,benchmark,395.488824481,350.407099086,1458.54,2901274624
fabric,1,benchmark,395.739255021,350.65752962600004,1459.52,2901274624
fabric,1,benchmark,395.989499511,350.90777411600004,1460.21,2901274624
fabric,1,benchmark,396.239690059,351.157964664,1461.13,2901274624
fabric,1,benchmark,396.490067106,351.40834171100005,1462.67,2901331968
fabric,1,benchmark,396.74021474,351.658489345,1463.64,2901336064
fabric,1,benchmark,396.990532702,351.908807307,1464.44,2901340160
fabric,1,benchmark,397.240726028,352.159000633,1464.97,2901340160
fabric,1,benchmark,397.491073352,352.409347957,1465.73,2901340160
fabric,1,benchmark,397.741445765,352.65972037,1467.01,2901442560
fabric,1,benchmark,397.991667791,352.909942396,1467.8,2901442560
fabric,1,benchmark,398.242004442,353.160279047,1468.66,2901442560
fabric,1,benchmark,398.492316771,353.410591376,1469.32,2901442560
fabric,1,benchmark,398.742668962,353.660943567,1470.4,2901544960
fabric,1,benchmark,398.993175449,353.911450054,1471.6,2901549056
fabric,1,benchmark,399.242896669,354.161171274,1472.29,2901549056
fabric,1,benchmark,399.493828536,354.41210314100005,1474.53,2901594112
fabric,1,benchmark,399.744045949,354.662320554,1475.96,2901602304
fabric,1,benchmark,399.994298482,354.912573087,1477.23,2901630976
fabric,1,benchmark,400.244727343,355.16300194800004,1477.92,2901630976
fabric,1,benchmark,400.494982776,355.413257381,1478.7,2901630976
fabric,1,benchmark,400.747119959,355.665394564,1479.99,2901635072
fabric,1,benchmark,400.997598761,355.915873366,1481.2,2901639168
fabric,1,benchmark,401.24781556,356.166090165,1482.24,2901639168
fabric,1,benchmark,401.498833188,356.417107793,1483.46,2901573632
fabric,1,benchmark,401.748749552,356.667024157,1484.51,2901573632
fabric,1,benchmark,401.999317787,356.917592392,1486.38,2901573632
fabric,1,benchmark,402.249830348,357.168104953,1486.69,2901573632
fabric,1,benchmark,402.499646997,357.41792160200004,1488.12,2901577728
fabric,1,benchmark,402.750140387,357.668414992,1489.09,2901577728
fabric,1,benchmark,403.000592124,357.918866729,1489.86,2901577728
fabric,1,benchmark,403.250792938,358.16906754300004,1491.19,2902441984
fabric,1,benchmark,403.501006214,358.419280819,1492.36,2902441984
fabric,1,benchmark,403.75146466,358.66973926500003,1493.5,2902437888
fabric,1,benchmark,404.003804916,358.922079521,1495.28,2902466560
fabric,1,benchmark,404.252022894,359.170297499,1496.05,2902466560
fabric,1,benchmark,404.502521901,359.42079650600004,1497.29,2902466560
fabric,1,benchmark,404.757992395,359.676267,1498.37,2902499328
fabric,1,benchmark,405.008122423,359.926397028,1499.54,2902499328
fabric,1,benchmark,405.259858518,360.178133123,1500.8,2902523904
fabric,1,benchmark,405.508735796,360.427010401,1502.31,2902536192
fabric,1,benchmark,405.760132803,360.678407408,1503.43,2902536192
fabric,1,benchmark,406.009356645,360.92763125000005,1504.5,2902556672
fabric,1,benchmark,406.259702212,361.177976817,1505.33,2902556672
fabric,1,benchmark,406.509993835,361.42826844,1506.55,2902577152
fabric,1,benchmark,406.761398481,361.67967308600004,1507.63,2902577152
fabric,1,benchmark,407.010622181,361.928896786,1508.52,2902577152
fabric,1,benchmark,407.261028999,362.17930360400004,1509.83,2902581248
fabric,1,benchmark,407.511420125,362.42969473,1510.69,2902581248
fabric,1,benchmark,407.762725624,362.681000229,1511.83,2902581248
fabric,1,benchmark,408.012245507,362.930520112,1513.01,2902589440
fabric,1,benchmark,408.266460375,363.18473498000003,1513.9,2902589440
fabric,1,benchmark,408.516745185,363.43501979,1514.54,2902589440
fabric,1,benchmark,408.767033693,363.685308298,1515.85,2902589440
fabric,1,benchmark,409.017327411,363.935602016,1517.03,2902609920
fabric,1,benchmark,409.2684693,364.186743905,1518.13,2902614016
fabric,1,benchmark,409.518717696,364.43699230100003,1519.52,2902630400
fabric,1,benchmark,409.778602462,364.696877067,1520.65,2902630400
fabric,1,benchmark,410.028790623,364.94706522800004,1521.14,2902630400
fabric,1,benchmark,410.279055448,365.19733005300003,1521.97,2902630400
fabric,1,benchmark,410.529594156,365.447868761,1523.25,2902704128
fabric,1,benchmark,410.780341672,365.69861627700004,1524.66,2902704128
fabric,1,benchmark,411.029955474,365.94823007900004,1525.67,2902736896
fabric,1,benchmark,411.280960352,366.19923495700004,1526.92,2902736896
fabric,1,benchmark,411.530569684,366.448844289,1527.78,2902736896
fabric,1,benchmark,411.780890058,366.69916466300003,1529.28,2902790144
fabric,1,benchmark,412.031247634,366.94952223900003,1530.09,2902790144
fabric,1,benchmark,412.281568657,367.199843262,1531.25,2902835200
fabric,1,benchmark,412.532121802,367.450396407,1532.01,2902835200
fabric,1,benchmark,412.782258726,367.70053333100003,1533.2,2902839296
fabric,1,benchmark,413.032650371,367.950924976,1534.63,2902867968
fabric,1,benchmark,413.283135661,368.20141026600004,1535.63,2902867968
fabric,1,benchmark,413.533130517,368.45140512200004,1536.31,2902867968
fabric,1,benchmark,413.78348284,368.701757445,1538.62,2902913024
fabric,1,benchmark,414.033572219,368.95184682400003,1538.94,2902913024
fabric,1,benchmark,414.284181182,369.202455787,1540.4,2902913024
fabric,1,benchmark,414.534196018,369.452470623,1540.94,2902913024
fabric,1,benchmark,414.784647513,369.702922118,1542.26,2902982656
fabric,1,benchmark,415.034925689,369.953200294,1543.2,2902982656
fabric,1,benchmark,415.285189985,370.20346459,1545.14,2903031808
fabric,1,benchmark,415.535166956,370.45344156100003,1546.4,2903040000
fabric,1,benchmark,415.786133894,370.704408499,1547.78,2903072768
fabric,1,benchmark,416.036388827,370.954663432,1548.34,2903072768
fabric,1,benchmark,416.286670492,371.204945097,1549.18,2903097344
fabric,1,benchmark,416.536857712,371.45513231700005,1550.17,2903097344
fabric,1,benchmark,416.787158746,371.705433351,1551.48,2903109632
fabric,1,benchmark,417.037459789,371.95573439400005,1552.33,2903109632
fabric,1,benchmark,417.287786634,372.206061239,1553.62,2903117824
fabric,1,benchmark,417.537844506,372.456119111,1554.48,2903117824
fabric,1,benchmark,417.78818333,372.706457935,1555.72,2903117824
fabric,1,benchmark,418.0384436,372.956718205,1556.73,2903134208
fabric,1,benchmark,418.288766413,373.20704101800004,1557.99,2903134208
fabric,1,benchmark,418.539052024,373.457326629,1558.73,2903134208
fabric,1,benchmark,418.789492641,373.707767246,1561.25,2903154688
fabric,1,benchmark,419.03958215,373.957856755,1561.53,2903154688
fabric,1,benchmark,419.289912362,374.208186967,1562.06,2903158784
fabric,1,benchmark,419.54017534,374.45844994500004,1563.96,2903175168
fabric,1,benchmark,419.79029694,374.70857154500004,1565.06,2903191552
fabric,1,benchmark,420.04065188,374.958926485,1565.99,2903191552
fabric,1,benchmark,420.291121437,375.20939604200004,1566.91,2903252992
fabric,1,benchmark,420.541478037,375.459752642,1568.25,2906611712
fabric,1,benchmark,420.791745802,375.710020407,1569.61,2906685440
fabric,1,benchmark,421.041819058,375.960093663,1570.41,2906714112
fabric,1,benchmark,421.292382946,376.210657551,1571.78,2906714112
fabric,1,benchmark,421.542709734,376.46098433900005,1572.62,2906738688
fabric,1,benchmark,421.79323457,376.711509175,1574.3,2906738688
fabric,1,benchmark,422.043550665,376.96182527,1575.03,2906746880
fabric,1,benchmark,422.294184025,377.21245863,1576.51,2906787840
fabric,1,benchmark,422.544451758,377.462726363,1577.46,2906787840
fabric,1,benchmark,422.794572472,377.71284707700005,1578.42,2906787840
fabric,1,benchmark,423.044837613,377.96311221800005,1579.51,2906820608
fabric,1,benchmark,423.295359056,378.213633661,1580.57,2906820608
fabric,1,benchmark,423.545465199,378.463739804,1582.12,2906951680
fabric,1,benchmark,423.795729979,378.714004584,1583.05,2907156480
fabric,1,benchmark,424.045852501,378.96412710600003,1583.95,2907156480
fabric,1,benchmark,424.296298629,379.214573234,1585.84,2907267072
fabric,1,benchmark,424.546580859,379.46485546400004,1587.03,2907267072
fabric,1,benchmark,424.796884708,379.715159313,1587.93,2907267072
fabric,1,benchmark,425.046948336,379.96522294100004,1588.61,2907267072
fabric,1,benchmark,425.29714228,380.215416885,1590.03,2907451392
fabric,1,benchmark,425.547509022,380.465783627,1591.03,2907455488
fabric,1,benchmark,425.797784418,380.716059023,1592.2,2907533312
fabric,1,benchmark,426.04796772,380.966242325,1593.36,2907533312
fabric,1,benchmark,426.298293098,381.216567703,1594.73,2907537408
fabric,1,benchmark,426.548561673,381.466836278,1595.87,2907570176
fabric,1,benchmark,426.798910532,381.717185137,1596.76,2907570176
fabric,1,benchmark,427.049257259,381.967531864,1597.97,2907619328
fabric,1,benchmark,427.299556124,382.217830729,1598.83,2907619328
fabric,1,benchmark,427.54986857,382.468143175,1599.94,2907619328
fabric,1,benchmark,427.800107951,382.718382556,1600.78,2907656192
fabric,1,benchmark,428.05051734,382.968791945,1601.7,2907656192
fabric,1,benchmark,428.300489537,383.218764142,1602.95,2907656192
fabric,1,benchmark,428.550811782,383.469086387,1603.65,2907693056
fabric,1,benchmark,428.801222449,383.71949705400004,1605.22,2907693056
fabric,1,benchmark,429.051557173,383.969831778,1605.96,2907693056
fabric,1,benchmark,429.302203011,384.22047761600004,1608.02,2907762688
fabric,1,benchmark,429.552387547,384.47066215200005,1608.99,2907762688
fabric,1,benchmark,429.808433302,384.72670790700005,1609.85,2907762688
fabric,1,benchmark,430.059076758,384.977351363,1610.71,2907795456
fabric,1,benchmark,430.308833702,385.22710830700004,1611.92,2907795456
fabric,1,benchmark,430.559347692,385.47762229700004,1613.17,2907795456
fabric,1,benchmark,430.813661082,385.73193568700003,1614.45,2907832320
fabric,1,benchmark,431.065688303,385.983962908,1615.42,2907832320
fabric,1,benchmark,431.313966813,386.232241418,1616.65,2907865088
fabric,1,benchmark,431.564128314,386.48240291900004,1617.65,2907865088
fabric,1,benchmark,431.814487044,386.732761649,1618.88,2907865088
fabric,1,benchmark,432.064708226,386.982982831,1619.74,2907897856
fabric,1,benchmark,432.315054085,387.23332869,1620.82,2907897856
fabric,1,benchmark,432.565574401,387.483849006,1621.88,2907897856
fabric,1,benchmark,432.815694218,387.733968823,1623,2907938816
fabric,1,benchmark,433.066182391,387.984456996,1623.87,2907938816
fabric,1,benchmark,433.316424243,388.234698848,1625.78,2907971584
fabric,1,benchmark,433.566742978,388.485017583,1626.15,2907971584
fabric,1,benchmark,433.816902715,388.73517732000005,1626.72,2907971584
fabric,1,benchmark,434.067205107,388.98547971200003,1627.97,2907975680
fabric,1,benchmark,434.317800724,389.236075329,1628.9,2907975680
fabric,1,benchmark,434.567987062,389.486261667,1629.94,2908004352
fabric,1,benchmark,434.818068422,389.73634302700003,1630.72,2908004352
fabric,1,benchmark,435.068364283,389.986638888,1632.84,2908057600
fabric,1,benchmark,435.318688535,390.23696314,1633.6,2908057600
fabric,1,benchmark,435.569101141,390.487375746,1634.36,2908057600
fabric,1,benchmark,435.819051634,390.737326239,1635.25,2908057600
fabric,1,benchmark,436.069310391,390.987584996,1636.21,2908057600
fabric,1,benchmark,436.319572819,391.237847424,1637.38,2908069888
fabric,1,benchmark,436.569887699,391.488162304,1638.53,2908069888
fabric,1,benchmark,436.819730764,391.738005369,1639.93,2908073984
fabric,1,benchmark,437.070055453,391.98833005800003,1641.01,2908073984
fabric,1,benchmark,437.320315758,392.238590363,1641.93,2908073984
fabric,1,benchmark,437.570788264,392.489062869,1642.9,2908078080
fabric,1,benchmark,437.820812257,392.739086862,1644,2908078080
fabric,1,benchmark,438.071325682,392.98960028700003,1645.58,2908098560
fabric,1,benchmark,438.321531234,393.23980583900004,1646.49,2908098560
fabric,1,benchmark,438.573303659,393.491578264,1647.62,2908102656
fabric,1,benchmark,438.822003017,393.740277622,1649.36,2908102656
fabric,1,benchmark,439.072354553,393.99062915800005,1649.99,2908123136
fabric,1,benchmark,439.322653457,394.240928062,1650.8,2908127232
fabric,1,benchmark,439.574354528,394.49262913300004,1652.16,2908127232
fabric,1,benchmark,439.823856122,394.742130727,1653.29,2908127232
fabric,1,benchmark,440.074246098,394.992520703,1654.2,2908127232
fabric,1,benchmark,440.324435125,395.24270973,1654.8,2908143616
fabric,1,benchmark,440.57478374,395.493058345,1656.13,2908143616
fabric,1,benchmark,440.825021937,395.743296542,1656.96,2908143616
fabric,1,benchmark,441.075233983,395.993508588,1657.92,2908143616
fabric,1,benchmark,441.325445329,396.243719934,1658.7,2908143616
fabric,1,benchmark,441.575874246,396.49414885100003,1660.11,2908151808
fabric,1,benchmark,441.826235648,396.74451025300004,1661,2908151808
fabric,1,benchmark,442.076586629,396.99486123400004,1662.08,2908151808
fabric,1,benchmark,442.326877547,397.245152152,1663.06,2908151808
fabric,1,benchmark,442.577266339,397.495540944,1664.58,2908155904
fabric,1,benchmark,442.827748265,397.74602287000005,1665.92,2908168192
fabric,1,benchmark,443.07801657,397.996291175,1667.47,2908168192
fabric,1,benchmark,443.329093514,398.24736811900004,1668.46,2908168192
fabric,1,benchmark,443.57853883,398.49681343500004,1669.44,2908168192
fabric,1,benchmark,443.829001433,398.747276038,1671.6,2908180480
fabric,1,benchmark,444.07912625,398.997400855,1672.48,2908180480
fabric,1,benchmark,444.32932647,399.24760107500003,1673.4,2908180480
fabric,1,benchmark,444.579990343,399.49826494800004,1674.33,2908180480
fabric,1,benchmark,444.830213293,399.748487898,1675.27,2908184576
fabric,1,benchmark,445.080369369,399.998643974,1676.41,2908184576
fabric,1,benchmark,445.33083776,400.24911236500003,1677.33,2908184576
fabric,1,benchmark,445.583217803,400.50149240800005,1678.29,2908188672
fabric,1,benchmark,445.831512959,400.74978756400003,1679.16,2908188672
fabric,1,benchmark,446.082627429,401.00090203400003,1680.09,2908188672
fabric,1,benchmark,446.332626956,401.25090156100003,1681.13,2908188672
fabric,1,benchmark,446.583915525,401.50219013000003,1682.19,2908188672
fabric,1,benchmark,446.833322762,401.75159736700004,1683.94,2908188672
fabric,1,benchmark,447.084086684,402.002361289,1685.18,2908196864
fabric,1,benchmark,447.334149513,402.252424118,1686.28,2908196864
fabric,1,benchmark,447.584461723,402.502736328,1687.1,2908196864
fabric,1,benchmark,447.834801504,402.753076109,1688.41,2908200960
fabric,1,benchmark,448.085133383,403.00340798800005,1689.17,2908200960
fabric,1,benchmark,448.335270563,403.253545168,1690.11,2908200960
fabric,1,benchmark,448.585905227,403.50417983200003,1691.72,2908213248
fabric,1,benchmark,448.836260457,403.754535062,1692.81,2908213248
fabric,1,benchmark,449.086687379,404.00496198400003,1694.04,2908225536
fabric,1,benchmark,449.336858579,404.25513318400004,1694.82,2908225536
fabric,1,benchmark,449.587087142,404.505361747,1695.57,2908225536
fabric,1,benchmark,449.837621818,404.755896423,1696.96,2908237824
fabric,1,benchmark,450.087994036,405.006268641,1698,2908237824
fabric,1,benchmark,450.338027218,405.256301823,1698.69,2908237824
fabric,1,benchmark,450.588219517,405.50649412200005,1699.73,2908237824
fabric,1,benchmark,450.838759392,405.757033997,1701.3,2908250112
fabric,1,benchmark,451.088947509,406.007222114,1701.99,2908250112
fabric,1,benchmark,451.339464203,406.257738808,1704.19,2908254208
fabric,1,benchmark,451.589526654,406.507801259,1704.76,2908254208
fabric,1,benchmark,451.839828856,406.758103461,1705.73,2908254208
fabric,1,benchmark,452.090241372,407.008515977,1707.23,2908270592
fabric,1,benchmark,452.340322513,407.258597118,1708.42,2908270592
fabric,1,benchmark,452.590425325,407.50869993000003,1709.5,2908270592
fabric,1,benchmark,452.840799558,407.75907416300004,1710.44,2908286976
fabric,1,benchmark,453.09200126,408.01027586500004,1711.51,2908286976
fabric,1,benchmark,453.341531573,408.259806178,1713.53,2908311552
fabric,1,benchmark,453.591731598,408.51000620300005,1714.17,2908311552
fabric,1,benchmark,453.84254357,408.760818175,1715.3,2908315648
fabric,1,benchmark,454.092514322,409.010788927,1716.46,2908323840
fabric,1,benchmark,454.342897434,409.26117203900003,1717.28,2908327936
fabric,1,benchmark,454.593143069,409.51141767400003,1718.21,2908332032
fabric,1,benchmark,454.844349848,409.762624453,1719.47,2908332032
fabric,1,benchmark,455.094496517,410.012771122,1720.59,2908348416
fabric,1,benchmark,455.344588313,410.262862918,1721.64,2908348416
fabric,1,benchmark,455.595163752,410.51343835700004,1722.76,2908348416
fabric,1,benchmark,455.848560544,410.76683514900003,1724.07,2908372992
fabric,1,benchmark,456.095857025,411.01413163,1725.81,2908372992
fabric,1,benchmark,456.346509426,411.26478403100003,1726.74,2908426240
fabric,1,benchmark,456.598571304,411.51684590900004,1727.97,2908426240
fabric,1,benchmark,456.849031985,411.76730659000003,1728.99,2908426240
fabric,1,benchmark,457.099637342,412.017911947,1730.35,2908442624
fabric,1,benchmark,457.350003528,412.268278133,1731.39,2908442624
fabric,1,benchmark,457.600165134,412.51843973900003,1732.41,2908442624
fabric,1,benchmark,457.8507848,412.769059405,1733.79,2908459008
fabric,1,benchmark,458.100740204,413.019014809,1735.46,2908467200
fabric,1,benchmark,458.351250745,413.26952535000004,1736.2,2908467200
fabric,1,benchmark,458.601501154,413.519775759,1737.38,2908467200
fabric,1,benchmark,458.851757631,413.770032236,1738.14,2908467200
fabric,1,benchmark,459.102022809,414.020297414,1739.68,2908487680
fabric,1,benchmark,459.352265885,414.27054049000003,1740.75,2908491776
fabric,1,benchmark,459.60247394,414.520748545,1741.98,2908491776
fabric,1,benchmark,459.852807329,414.771081934,1742.66,2908491776
fabric,1,benchmark,460.102919778,415.021194383,1743.77,2908512256
fabric,1,benchmark,460.353261237,415.27153584200005,1744.76,2908512256
fabric,1,benchmark,460.603851528,415.52212613300003,1746.18,2908528640
fabric,1,benchmark,460.853951815,415.77222642000004,1747.37,2908528640
fabric,1,benchmark,461.104080082,416.022354687,1748.48,2908528640
fabric,1,benchmark,461.354477243,416.27275184800004,1749.75,2908540928
fabric,1,benchmark,461.604894314,416.523168919,1750.27,2908540928
fabric,1,benchmark,461.855284633,416.773559238,1752.17,2908557312
fabric,1,benchmark,462.105201989,417.02347659400004,1752.88,2908557312
fabric,1,benchmark,462.355538334,417.27381293900004,1753.79,2908557312
fabric,1,benchmark,462.605803327,417.524077932,1755.53,2908577792
fabric,1,benchmark,462.856251917,417.77452652200003,1756.59,2908577792
fabric,1,benchmark,463.106739238,418.025013843,1757.86,2908610560
fabric,1,benchmark,463.357063942,418.27533854700005,1758.68,2908610560
fabric,1,benchmark,463.607208077,418.525482682,1759.52,2908610560
fabric,1,benchmark,463.858810289,418.77708489400004,1760.44,2908610560
fabric,1,benchmark,464.107740645,419.02601525,1761.78,2908622848
fabric,1,benchmark,464.358294798,419.276569403,1762.48,2908622848
fabric,1,benchmark,464.608652541,419.52692714600005,1763.32,2908622848
fabric,1,benchmark,464.858696988,419.77697159300004,1764.04,2908622848
fabric,1,benchmark,465.109536063,420.02781066800003,1765.98,2908655616
fabric,1,benchmark,465.359071566,420.27734617100003,1767.18,2908655616
fabric,1,benchmark,465.60947291,420.52774751500004,1768.9,2908672000
fabric,1,benchmark,465.8596137,420.77788830500003,1769.54,2908672000
fabric,1,benchmark,466.111217599,421.029492204,1770.85,2908696576
fabric,1,benchmark,466.36012433,421.27839893500004,1771.88,2908696576
fabric,1,benchmark,466.612076996,421.530351601,1773.22,2908700672
fabric,1,benchmark,466.86065994,421.778934545,1774.32,2908700672
fabric,1,benchmark,467.110807879,422.029082484,1775.34,2908700672
fabric,1,benchmark,467.36228378,422.280558385,1776.61,2908708864
fabric,1,benchmark,467.611752577,422.530027182,1777.97,2908712960
fabric,1,benchmark,467.861853781,422.780128386,1778.99,2908749824
fabric,1,benchmark,468.113695858,423.03197046300005,1779.95,2908749824
fabric,1,benchmark,468.362188867,423.280463472,1780.73,2908753920
fabric,1,benchmark,468.612329753,423.530604358,1781.47,2908753920
fabric,1,benchmark,468.862909549,423.781184154,1782.77,2908766208
fabric,1,benchmark,469.113023002,424.031297607,1783.4,2908766208
fabric,1,benchmark,469.363071613,424.281346218,1784.38,2908766208
fabric,1,benchmark,469.613378106,424.53165271100005,1785.68,2908798976
fabric,1,benchmark,469.863658325,424.78193293000004,1786.95,2908798976
fabric,1,benchmark,470.113605149,425.03187975400004,1787.55,2908803072
fabric,1,benchmark,470.364050687,425.282325292,1789.31,2908823552
fabric,1,benchmark,470.6144039,425.53267850500004,1789.84,2908823552
fabric,1,benchmark,470.864690469,425.782965074,1791.01,2908856320
fabric,1,benchmark,471.114722975,426.03299758,1791.98,2908856320
fabric,1,benchmark,471.365043525,426.28331813,1793.2,2908864512
fabric,1,benchmark,471.61504841,426.533323015,1794.38,2908864512
fabric,1,benchmark,471.865322656,426.783597261,1794.97,2908864512
fabric,1,benchmark,472.115415394,427.03368999900005,1795.99,2908880896
fabric,1,benchmark,472.366941419,427.285216024,1797.1,2908880896
fabric,1,benchmark,472.616142145,427.53441675000005,1798.74,2908917760
fabric,1,benchmark,472.866124105,427.78439871,1799.61,2908917760
fabric,1,benchmark,473.116176379,428.03445098400005,1800.1,2908921856
fabric,1,benchmark,473.366745848,428.285020453,1801.08,2908921856
fabric,1,benchmark,473.617041133,428.535315738,1802.49,2908930048
fabric,1,benchmark,473.867305196,428.78557980100004,1803.12,2908934144
fabric,1,benchmark,474.117562528,429.03583713300003,1804.43,2908934144
fabric,1,benchmark,474.367672483,429.285947088,1805.02,2908958720
fabric,1,benchmark,474.617880293,429.536154898,1805.84,2908958720
fabric,1,benchmark,474.86787011,429.78614471500003,1806.7,2908958720
fabric,1,benchmark,475.118199724,430.03647432900004,1807.56,2908958720
fabric,1,benchmark,475.368594891,430.286869496,1808.45,2908987392
fabric,1,benchmark,475.618560648,430.53683525300005,1809.26,2908987392
fabric,1,benchmark,475.869135892,430.787410497,1810.12,2908987392
fabric,1,benchmark,476.119334508,431.03760911300003,1810.84,2908987392
fabric,1,benchmark,476.370376944,431.288651549,1811.92,2909016064
fabric,1,benchmark,476.620442903,431.53871750800005,1812.91,2909020160
fabric,1,benchmark,476.870792315,431.78906692000004,1813.82,2909020160
fabric,1,benchmark,477.121038362,432.039312967,1814.52,2909024256
fabric,1,benchmark,477.371359122,432.289633727,1815.73,2909036544
fabric,1,benchmark,477.621513154,432.53978775900003,1816.51,2909036544
fabric,1,benchmark,477.871941968,432.790216573,1818.1,2909036544
fabric,1,benchmark,478.122569941,433.040844546,1818.84,2909057024
fabric,1,benchmark,478.372815766,433.291090371,1819.67,2909057024
fabric,1,benchmark,478.623169406,433.541444011,1820.79,2909057024
fabric,1,benchmark,478.873603638,433.79187824300004,1821.64,2909171712
fabric,1,benchmark,479.123739086,434.042013691,1822.49,2909171712
fabric,1,benchmark,479.37420126,434.29247586500003,1823.15,2909171712
fabric,1,benchmark,479.624309956,434.542584561,1824.11,2909171712
fabric,1,benchmark,479.874628372,434.79290297700004,1825.35,2909290496
fabric,1,benchmark,480.124956997,435.04323160200005,1825.83,2909290496
fabric,1,benchmark,480.375190489,435.293465094,1826.75,2909290496
fabric,1,benchmark,480.626363744,435.544638349,1828.07,2909388800
fabric,1,benchmark,480.876758521,435.795033126,1829.16,2909388800
fabric,1,benchmark,481.12696996,436.045244565,1829.71,2909388800
fabric,1,benchmark,481.37765453,436.295929135,1830.62,2909454336
fabric,1,benchmark,481.627482991,436.54575759600004,1831.62,2909454336
fabric,1,benchmark,481.877892497,436.796167102,1832.93,2909458432
fabric,1,benchmark,482.128694552,437.04696915700004,1833.39,2909458432
fabric,1,benchmark,482.378728,437.29700260500005,1834.45,2909556736
fabric,1,benchmark,482.628987409,437.547262014,1835.3,2909556736
fabric,1,benchmark,482.879263387,437.797537992,1836.34,2909556736
fabric,1,benchmark,483.130237159,438.048511764,1837.77,2909573120
fabric,1,benchmark,483.380477855,438.29875246,1838.71,2909573120
fabric,1,benchmark,483.630622097,438.54889670200004,1839.4,2909499392
fabric,1,benchmark,483.881005649,438.799280254,1840.34,2909499392
fabric,1,benchmark,484.131416482,439.04969108700004,1841.47,2909544448
fabric,1,benchmark,484.381799463,439.300074068,1842.25,2909548544
fabric,1,benchmark,484.632143833,439.550418438,1843.09,2909552640
fabric,1,benchmark,484.882393047,439.800667652,1844.02,2909552640
fabric,1,benchmark,485.133150345,440.05142495,1845.22,2909626368
fabric,1,benchmark,485.38321678,440.301491385,1845.83,2909626368
fabric,1,benchmark,485.633430652,440.55170525700004,1846.82,2909626368
fabric,1,benchmark,485.88359175,440.801866355,1847.54,2909626368
fabric,1,benchmark,486.133751728,441.052026333,1848.94,2909663232
fabric,1,benchmark,486.383991839,441.302266444,1849.83,2909663232
fabric,1,benchmark,486.634342726,441.552617331,1850.54,2909663232
fabric,1,benchmark,486.884629619,441.80290422400003,1851.55,2909663232
fabric,1,benchmark,487.134639708,442.05291431300003,1852.55,2909663232
fabric,1,benchmark,487.385392762,442.303667367,1853.45,2909663232
fabric,1,benchmark,487.635740787,442.554015392,1854.56,2909663232
fabric,1,benchmark,487.886007197,442.80428180200005,1854.96,2909663232
fabric,1,benchmark,488.136311039,443.05458564400004,1855.89,2909663232
fabric,1,benchmark,488.386695504,443.304970109,1857.03,2909667328
fabric,1,benchmark,488.637076709,443.555351314,1857.5,2909667328
fabric,1,benchmark,488.887324206,443.80559881100004,1858.45,2909667328
fabric,1,benchmark,489.137569743,444.055844348,1859.17,2909667328
fabric,1,benchmark,489.387975698,444.306250303,1860.25,2909679616
fabric,1,benchmark,489.638222405,444.55649701000004,1860.62,2909679616
fabric,1,benchmark,489.888588416,444.806863021,1861.32,2909679616
fabric,1,benchmark,490.138990959,445.05726556400003,1862.27,2909679616
fabric,1,benchmark,490.38913687,445.30741147500004,1863.25,2909687808
fabric,1,benchmark,490.639488421,445.55776302600003,1864.14,2909687808
fabric,1,benchmark,490.889883452,445.808158057,1864.84,2909687808
fabric,1,benchmark,491.140151907,446.05842651200004,1866.19,2909687808
fabric,1,benchmark,491.390581509,446.30885611400004,1867.2,2909696000
fabric,1,benchmark,491.640856105,446.55913071000003,1868.28,2909696000
fabric,1,benchmark,491.891074786,446.809349391,1869.15,2909696000
fabric,1,benchmark,492.141531568,447.059806173,1870.08,2909827072
fabric,1,benchmark,492.392870572,447.311145177,1870.92,2909876224
fabric,1,benchmark,492.641951879,447.560226484,1871.82,2909876224
fabric,1,benchmark,492.89219537,447.81046997500005,1873.02,2909876224
fabric,1,benchmark,493.142678002,448.06095260700005,1873.9,2909876224
fabric,1,benchmark,493.39287027,448.311144875,1874.45,2909929472
fabric,1,benchmark,493.642912871,448.56118747600004,1875.49,2909933568
fabric,1,benchmark,493.893449634,448.811724239,1876.14,2909933568
fabric,1,benchmark,494.144130654,449.062405259,1876.83,2909933568
fabric,1,benchmark,494.394070189,449.312344794,1877.96,2909995008
fabric,1,benchmark,494.64434917,449.562623775,1878.63,2909995008
fabric,1,benchmark,494.894687041,449.812961646,1879.45,2909995008
fabric,1,benchmark,495.144817534,450.06309213900005,1880.08,2909995008
fabric,1,benchmark,495.395270851,450.31354545600004,1880.93,2909995008
fabric,1,benchmark,495.645385792,450.56366039700004,1882.22,2910085120
fabric,1,benchmark,495.895829798,450.81410440300004,1883.37,2910085120
fabric,1,benchmark,496.14620657,451.064481175,1884.64,2910105600
fabric,1,benchmark,496.395961663,451.314236268,1885.04,2910105600
fabric,1,benchmark,496.646495462,451.56477006700004,1886.38,2910105600
fabric,1,benchmark,496.896762798,451.815037403,1886.92,2910105600
fabric,1,benchmark,497.147202001,452.065476606,1887.85,2910126080
fabric,1,benchmark,497.397562981,452.31583758600004,1888.52,2910126080
fabric,1,benchmark,497.647815806,452.566090411,1889.55,2910126080
fabric,1,benchmark,497.897947073,452.81622167800003,1890.05,2910126080
fabric,1,benchmark,498.148342783,453.066617388,1891.08,2910134272
fabric,1,benchmark,498.398827438,453.31710204300003,1891.57,2910134272
fabric,1,benchmark,498.648810248,453.56708485300004,1892.49,2910134272
fabric,1,benchmark,498.899153474,453.817428079,1892.92,2910134272
fabric,1,benchmark,499.149538512,454.067813117,1893.78,2910134272
fabric,1,benchmark,499.399887768,454.318162373,1894.56,2910162944
fabric,1,benchmark,499.649909458,454.56818406300005,1895.4,2910179328
fabric,1,benchmark,499.900578788,454.81885339300004,1896.16,2910179328
fabric,1,benchmark,500.150948474,455.06922307900004,1896.8,2910179328
fabric,1,benchmark,500.40132121,455.319595815,1897.82,2910208000
fabric,1,benchmark,500.651498656,455.569773261,1898.16,2910208000
fabric,1,benchmark,500.901782906,455.820057511,1899.01,2910212096
fabric,1,benchmark,501.151748671,456.07002327600003,1899.38,2910212096
fabric,1,benchmark,501.402312964,456.320587569,1900.32,2910220288
fabric,1,benchmark,501.652448847,456.57072345200004,1900.92,2910220288
fabric,1,benchmark,501.902880232,456.821154837,1901.6,2910220288
fabric,1,benchmark,502.153409682,457.07168428700004,1902.16,2910220288
fabric,1,benchmark,502.406587787,457.324862392,1903.06,2910253056
fabric,1,benchmark,502.654448421,457.572723026,1903.81,2910253056
fabric,1,benchmark,502.904887535,457.82316214,1904.58,2910253056
fabric,1,benchmark,503.155286588,458.07356119300005,1905.32,2910253056
fabric,1,benchmark,503.405433198,458.32370780300005,1906.02,2910253056
fabric,1,benchmark,503.655921544,458.57419614900004,1906.81,2910322688
fabric,1,benchmark,503.906158047,458.82443265200004,1907.5,2910322688
fabric,1,benchmark,504.156616931,459.074891536,1908.2,2910322688
fabric,1,benchmark,504.406842054,459.325116659,1908.97,2910322688
fabric,1,benchmark,504.657247354,459.575521959,1909.69,2910322688
fabric,1,benchmark,504.907689436,459.825964041,1910.41,2910449664
fabric,1,benchmark,505.157851374,460.07612597900004,1911.14,2910449664
fabric,1,benchmark,505.408088986,460.326363591,1911.88,2910449664
fabric,1,benchmark,505.658512146,460.57678675100004,1912.63,2910449664
fabric,1,benchmark,505.908727625,460.82700223,1913.03,2910449664
fabric,1,benchmark,506.158897111,461.077171716,1913.74,2910507008
fabric,1,benchmark,506.409366322,461.327640927,1914.62,2910507008
fabric,1,benchmark,506.659608642,461.57788324700005,1915.55,2910507008
fabric,1,benchmark,506.909946496,461.828221101,1916.47,2910507008
fabric,1,benchmark,507.160118801,462.07839340600003,1918.03,2910621696
fabric,1,benchmark,507.410452004,462.328726609,1918.87,2910621696
fabric,1,benchmark,507.660770856,462.579045461,1919.61,2910621696
fabric,1,benchmark,507.911231003,462.82950560800003,1920.39,2910621696
fabric,1,benchmark,508.161285322,463.07955992700005,1921.46,2914791424
fabric,1,benchmark,508.411572261,463.329846866,1922.17,2914791424
fabric,1,benchmark,508.661827848,463.580102453,1922.88,2914791424
fabric,1,benchmark,508.91199049,463.830265095,1923.64,2914791424
fabric,1,benchmark,509.163017253,464.08129185800004,1924.67,2915926016
fabric,1,benchmark,509.413191465,464.33146607000003,1925.54,2915926016
fabric,1,benchmark,509.663578758,464.58185336300005,1926.29,2915926016
fabric,1,benchmark,509.913654654,464.83192925900005,1927.1,2915926016
fabric,1,benchmark,510.164264115,465.08253872,1928.12,2917367808
fabric,1,benchmark,510.414418475,465.33269308,1928.96,2929102848
fabric,1,benchmark,510.664548454,465.582823059,1929.85,2929102848
fabric,1,benchmark,510.91487073,465.83314533500004,1930.8,2929102848
fabric,1,benchmark,511.165019738,466.08329434300003,1931.37,2929102848
fabric,1,benchmark,511.415363956,466.33363856100004,1932.75,2929111040
fabric,1,benchmark,511.668248553,466.58652315800003,1933.86,2929111040
fabric,1,benchmark,511.918948535,466.83722314000005,1935.29,2967883776
fabric,1,benchmark,512.168710103,467.086984708,1937.7,3089985536
fabric,1,benchmark,512.418696512,467.336971117,1937.95,3089985536
fabric,1,benchmark,512.669374944,467.587649549,1939.45,3092017152
fabric,1,benchmark,512.919648715,467.83792332,1941.4,3103690752
fabric,1,benchmark,513.169604971,468.08787957600003,1942,3103690752
fabric,1,benchmark,513.419958925,468.33823352999997,1942.57,3103690752
fabric,1,benchmark,513.670470957,468.58874556200004,1943.79,3106349056
fabric,1,benchmark,513.920724716,468.838999321,1944.76,3106353152
fabric,1,benchmark,514.171473858,469.08974846300003,1945.76,3106353152
fabric,1,benchmark,514.421544407,469.3398190120001,1946.94,3108478976
fabric,1,benchmark,514.671880299,469.59015490400003,1947.76,3108478976
fabric,1,benchmark,514.922301984,469.840576589,1948.74,3108483072
fabric,1,benchmark,515.172428325,470.0907029300001,1949.79,3108491264
fabric,1,benchmark,515.422685702,470.340960307,1950.37,3108491264
fabric,1,benchmark,515.673069185,470.59134379000005,1951.36,3108491264
fabric,1,benchmark,515.923360493,470.84163509800004,1952.78,3108515840
fabric,1,benchmark,516.17365429,471.09192889499997,1953.8,3109847040
fabric,1,benchmark,516.424108425,471.34238303,1955.17,3109847040
fabric,1,benchmark,516.674634923,471.592909528,1955.83,3109847040
fabric,1,benchmark,516.924844235,471.84311884000005,1956.56,3109847040
fabric,1,benchmark,517.175027005,472.09330160999997,1958.14,3111497728
fabric,1,benchmark,517.425373514,472.34364811899997,1958.97,3111497728
fabric,1,benchmark,517.677828361,472.59610296600005,1960.52,3111497728
fabric,1,benchmark,517.927975338,472.84624994300003,1961.2,3111497728
fabric,1,benchmark,518.178115545,473.09639015,1962,3111497728
fabric,1,benchmark,518.428481373,473.346755978,1962.96,3111497728
fabric,1,benchmark,518.678760276,473.59703488100007,1963.65,3111501824
fabric,1,benchmark,518.928886321,473.8471609260001,1964.71,3111501824
fabric,1,benchmark,519.179275878,474.097550483,1965.57,3111501824
fabric,1,benchmark,519.429610143,474.347884748,1966.22,3111501824
fabric,1,benchmark,519.6799916,474.598266205,1966.82,3111501824
fabric,1,benchmark,519.93175027,474.850024875,1967.85,3111534592
fabric,1,benchmark,520.18200524,475.100279845,1968.39,3111534592
fabric,1,benchmark,520.432402816,475.35067742100006,1969.13,3111538688
fabric,1,benchmark,520.685677577,475.603952182,1970.69,3111546880
fabric,1,benchmark,520.933471539,475.85174614400006,1972.68,3111555072
fabric,1,benchmark,521.183525498,476.101800103,1973.04,3111555072
fabric,1,benchmark,521.43387059,476.352145195,1973.84,3111555072
fabric,1,benchmark,521.683954749,476.60222935400003,1974.73,3111555072
fabric,1,benchmark,521.934359473,476.852634078,1976.03,3111571456
fabric,1,benchmark,522.184691993,477.102966598,1977.02,3111571456
fabric,1,benchmark,522.434859605,477.35313421000006,1978.51,3111579648
fabric,1,benchmark,522.685318381,477.603592986,1979.61,3111579648
fabric,1,benchmark,522.935561375,477.85383598000004,1980.6,3111579648
fabric,1,benchmark,523.186694742,478.104969347,1981.5,3111620608
fabric,1,benchmark,523.436084306,478.354358911,1982.76,3111620608
fabric,1,benchmark,523.686318839,478.60459344400005,1983.69,3111620608
fabric,1,benchmark,523.936685788,478.854960393,1984.58,3111620608
fabric,1,benchmark,524.189616998,479.10789160300004,1986.98,3111632896
fabric,1,benchmark,524.440112873,479.358387478,1987.46,3111632896
fabric,1,benchmark,524.690134294,479.60840889900004,1988.23,3111632896
fabric,1,benchmark,524.940450469,479.858725074,1990,3111641088
fabric,1,benchmark,525.190791255,480.10906586000004,1991,3111641088
fabric,1,benchmark,525.44089,480.359164605,1991.99,3111641088
fabric,1,benchmark,525.691375862,480.609650467,1993.44,3111669760
fabric,1,benchmark,525.941557869,480.85983247400003,1994.54,3111669760
fabric,1,benchmark,526.192090823,481.11036542799997,1995.31,3111694336
fabric,1,benchmark,526.442437378,481.36071198300004,1996.47,3111694336
fabric,1,benchmark,526.692662636,481.61093724100004,1997.65,3111694336
fabric,1,benchmark,526.943131585,481.86140618999997,1998.66,3111698432
fabric,1,benchmark,527.193471828,482.11174643300006,1999.7,3111698432
fabric,1,benchmark,527.444237081,482.362511686,2000.9,3111731200
fabric,1,benchmark,527.693738454,482.61201305900005,2001.53,3111731200
fabric,1,benchmark,527.946029128,482.864303733,2005.1,3111747584
fabric,1,benchmark,528.196248474,483.114523079,2005.96,3111747584
fabric,1,benchmark,528.446387856,483.364662461,2006.51,3111747584
fabric,1,benchmark,528.696622842,483.61489744700003,2007.4,3111755776
fabric,1,benchmark,528.946805595,483.8650802,2008.49,3111768064
fabric,1,benchmark,529.197197637,484.11547224200007,2009.46,3111768064
fabric,1,benchmark,529.44738229,484.365656895,2010.36,3111768064
fabric,1,benchmark,529.697330851,484.61560545599997,2011.43,3111768064
fabric,1,benchmark,529.947702491,484.865977096,2012.67,3111784448
fabric,1,benchmark,530.197934515,485.11620912000006,2013.65,3111784448
fabric,1,benchmark,530.448342597,485.366617202,2014.67,3111784448
fabric,1,benchmark,530.698744848,485.61701945300007,2016.16,3111788544
fabric,1,benchmark,530.948820763,485.867095368,2017.05,3111788544
fabric,1,benchmark,531.199090986,486.117365591,2017.91,3111788544
fabric,1,benchmark,531.449417113,486.367691718,2020.48,3111792640
fabric,1,benchmark,531.699483687,486.617758292,2020.84,3111792640
fabric,1,benchmark,531.949885085,486.86815969,2021.38,3111792640
fabric,1,benchmark,532.200252942,487.11852754700004,2022.89,3111809024
fabric,1,benchmark,532.450558706,487.36883331100006,2023.86,3111809024
fabric,1,benchmark,532.700998506,487.61927311100004,2024.68,3111809024
fabric,1,benchmark,532.951451535,487.86972614000007,2026.17,3111817216
fabric,1,benchmark,533.201672224,488.11994682900007,2027.06,3111817216
fabric,1,benchmark,533.452186296,488.37046090100006,2027.94,3111821312
fabric,1,benchmark,533.702395654,488.62067025900006,2029.01,3111825408
fabric,1,benchmark,533.952738526,488.871013131,2030.12,3111841792
fabric,1,benchmark,534.203027967,489.12130257200005,2031.45,3111841792
fabric,1,benchmark,534.453339998,489.37161460300007,2032.49,3111841792
fabric,1,benchmark,534.704435316,489.62270992099997,2033.54,3111878656
fabric,1,benchmark,534.954723214,489.872997819,2034.38,3111878656
fabric,1,benchmark,535.204965721,490.12324032600003,2036.08,3111882752
fabric,1,benchmark,535.455509152,490.373783757,2037.58,3111899136
fabric,1,benchmark,535.705661004,490.62393560900006,2038.24,3111899136
fabric,1,benchmark,535.956176392,490.874450997,2039.5,3111899136
fabric,1,benchmark,536.207870915,491.12614551999997,2040.65,3111981056
fabric,1,benchmark,536.457447089,491.375721694,2041.23,3111981056
fabric,1,benchmark,536.707493504,491.62576810900003,2042.1,3111981056
fabric,1,benchmark,536.958779827,491.87705443199997,2043.17,3111981056
fabric,1,benchmark,537.209122246,492.127396851,2044.21,3112050688
fabric,1,benchmark,537.459537907,492.37781251200005,2045.36,3112050688
fabric,1,benchmark,537.709640804,492.62791540899997,2046.09,3112050688
fabric,1,benchmark,537.961503512,492.87977811700006,2047.46,3112050688
fabric,1,benchmark,538.210396131,493.12867073600006,2048.55,3112087552
fabric,1,benchmark,538.461034002,493.37930860700004,2049.58,3112087552
fabric,1,benchmark,538.711036752,493.62931135700006,2050.2,3112087552
fabric,1,benchmark,538.960927967,493.879202572,2050.9,3112087552
fabric,1,benchmark,539.211559076,494.129833681,2052.84,3112099840
fabric,1,benchmark,539.461785916,494.3800605210001,2054.57,3112099840
fabric,1,benchmark,539.712085379,494.630359984,2055.24,3112103936
fabric,1,benchmark,539.962640773,494.880915378,2055.97,3112103936
fabric,1,benchmark,540.212772257,495.131046862,2056.76,3112103936
fabric,1,benchmark,540.463131672,495.38140627700005,2059.02,3112841216
fabric,1,benchmark,540.713343299,495.63161790400005,2059.99,3112841216
fabric,1,benchmark,540.963509813,495.881784418,2061.09,3112841216
fabric,1,benchmark,541.214065726,496.13234033099997,2062.48,3112886272
fabric,1,benchmark,541.464201339,496.3824759440001,2063.38,3112886272
fabric,1,benchmark,541.714487428,496.632762033,2064.39,3112886272
fabric,1,benchmark,541.964766936,496.88304154100007,2065.6,3112910848
fabric,1,benchmark,542.215033774,497.13330837899997,2066.46,3112910848
fabric,1,benchmark,542.465310412,497.38358501700003,2067.18,3112910848
fabric,1,benchmark,542.715676934,497.63395153900007,2069.68,3112939520
fabric,1,benchmark,542.966099707,497.88437431200003,2070.08,3112939520
fabric,1,benchmark,543.216274019,498.13454862400005,2070.93,3112939520
fabric,1,benchmark,543.467544812,498.38581941700005,2071.9,3112939520
fabric,1,benchmark,543.71679936,498.635073965,2073.34,3112976384
fabric,1,benchmark,543.969052358,498.887326963,2074.44,3112976384
fabric,1,benchmark,544.219125934,499.137400539,2075.3,3112976384
fabric,1,benchmark,544.469492244,499.387766849,2076.54,3113005056
fabric,1,benchmark,544.719669383,499.637943988,2077.67,3113005056
fabric,1,benchmark,544.969976638,499.88825124300007,2078.33,3113005056
fabric,1,benchmark,545.219914486,500.138189091,2079.62,3113005056
fabric,1,benchmark,545.470274964,500.3885495690001,2080.76,3113009152
fabric,1,benchmark,545.720504245,500.63877885000005,2081.7,3113009152
fabric,1,benchmark,545.970860191,500.88913479600006,2082.41,3113037824
fabric,1,benchmark,546.221112682,501.13938728700003,2084.52,3113062400
fabric,1,benchmark,546.471282459,501.38955706400003,2085.85,3113062400
fabric,1,benchmark,546.722502985,501.64077759,2086.43,3113066496
fabric,1,benchmark,546.972604248,501.89087885300006,2087.85,3113082880
fabric,1,benchmark,547.222850867,502.14112547200006,2088.59,3113082880
fabric,1,benchmark,547.472767581,502.391042186,2089.58,3113082880
fabric,1,benchmark,547.723051852,502.64132645700005,2090.51,3113082880
fabric,1,benchmark,547.973655737,502.89193034199997,2091.81,3113091072
fabric,1,benchmark,548.223559999,503.14183460400005,2093.12,3083165696
fabric,1,benchmark,548.473731553,503.392006158,2093.91,3083165696
fabric,1,benchmark,548.723837824,503.64211242900006,2096.07,3083169792
fabric,1,benchmark,548.974223977,503.892498582,2097.78,3083169792
fabric,1,benchmark,549.224203351,504.14247795600005,2098.05,3083169792
fabric,1,benchmark,549.47471784,504.39299244500006,2098.96,3083206656
fabric,1,benchmark,549.724873122,504.643147727,2100.01,3083206656
fabric,1,benchmark,549.975226712,504.893501317,2101.02,3083206656
fabric,1,benchmark,550.225506959,505.143781564,2101.97,3083206656
fabric,1,benchmark,550.476010946,505.394285551,2103.29,3083206656
fabric,1,benchmark,550.726222319,505.64449692400007,2104.38,3083206656
fabric,1,benchmark,550.976537256,505.89481186100005,2105.36,3083206656
fabric,1,benchmark,551.226752459,506.145027064,2106.52,3083206656
fabric,1,benchmark,551.477296336,506.395570941,2108.15,3083210752
fabric,1,benchmark,551.727678036,506.64595264100006,2108.7,3083210752
fabric,1,benchmark,551.978072965,506.89634757000005,2109.38,3083210752
fabric,1,benchmark,552.229315624,507.14759022900006,2113.07,3083190272
fabric,1,benchmark,552.479362617,507.397637222,2113.6,3083190272
fabric,1,benchmark,552.729740405,507.64801501000005,2114.33,3079004160
fabric,1,benchmark,552.980222577,507.89849718199997,2115.53,3010596864
fabric,1,benchmark,553.230358103,508.148632708,2115.98,3010596864
fabric,1,benchmark,553.4807277,508.399002305,2117.01,3010596864
fabric,1,benchmark,553.731136167,508.64941077200007,2117.98,3010605056
fabric,1,benchmark,553.981273832,508.8995484370001,2119.05,3010605056
fabric,1,benchmark,554.231365674,509.14964027900004,2119.9,3010605056
fabric,1,benchmark,554.481708568,509.39998317300007,2120.4,3010605056
fabric,1,benchmark,554.732054342,509.650328947,2121.42,3010641920
fabric,1,benchmark,554.982242637,509.90051724200003,2122.52,3010641920
fabric,1,benchmark,555.232813611,510.151088216,2123.48,3010646016
fabric,1,benchmark,555.484083587,510.402358192,2124.37,3010646016
fabric,1,benchmark,555.734081033,510.6523556380001,2125.21,3010654208
fabric,1,benchmark,555.984424194,510.902698799,2126,3010654208
fabric,1,benchmark,556.23486288,511.15313748500006,2127.38,3010732032
fabric,1,benchmark,556.48519057,511.403465175,2128.87,3010736128
fabric,1,benchmark,556.735502069,511.65377667399997,2129.88,3010736128
fabric,1,benchmark,556.985626059,511.903900664,2130.14,3010736128
fabric,1,benchmark,557.236126656,512.154401261,2131.46,3010752512
fabric,1,benchmark,557.486430574,512.404705179,2132.64,3010756608
fabric,1,benchmark,557.737695406,512.6559700109999,2133.54,3010756608
fabric,1,benchmark,557.988091737,512.906366342,2134.67,3010785280
fabric,1,benchmark,558.238191724,513.156466329,2135.3,3010785280
fabric,1,benchmark,558.488407687,513.4066822919999,2136.09,3010785280
fabric,1,benchmark,558.738766565,513.65704117,2137.08,3010785280
fabric,1,benchmark,558.989115613,513.9073902179999,2138.06,3010838528
fabric,1,benchmark,559.239232259,514.157506864,2138.68,3010838528
fabric,1,benchmark,559.489688691,514.4079632959999,2139.7,3010838528
fabric,1,benchmark,559.739795807,514.6580704119999,2140.6,3010838528
fabric,1,benchmark,559.990587273,514.9088618779999,2141.48,3010854912
fabric,1,benchmark,560.240395764,515.158670369,2142.32,3010854912
fabric,1,benchmark,560.49075339,515.409027995,2145.4,3010945024
fabric,1,benchmark,560.740882085,515.6591566899999,2145.93,3010945024
fabric,1,benchmark,560.991364706,515.909639311,2146.82,3010945024
fabric,1,benchmark,561.241614406,516.159889011,2147.09,3010945024
fabric,1,benchmark,561.491914098,516.410188703,2148.3,3010949120
fabric,1,benchmark,561.742306214,516.660580819,2149.18,3010949120
fabric,1,benchmark,562.000910904,516.9191855089999,2150.12,3010949120
fabric,1,benchmark,562.250985875,517.1692604799999,2151.22,3010953216
fabric,1,benchmark,562.501235913,517.4195105179999,2152.2,3010953216
fabric,1,benchmark,562.751523402,517.6697980069999,2153.05,3010953216
fabric,1,benchmark,563.001701156,517.9199757609999,2153.97,3010953216
fabric,1,benchmark,563.25166972,518.169944325,2155.5,3010961408
fabric,1,benchmark,563.502058414,518.4203330189999,2156.24,3010961408
fabric,1,benchmark,563.754839829,518.673114434,2157.51,3010969600
fabric,1,benchmark,564.002826388,518.921100993,2159.95,3015077888
fabric,1,benchmark,564.253036592,519.1713111969999,2160.42,3015077888
fabric,1,benchmark,564.503586602,519.421861207,2160.88,3015077888
fabric,1,benchmark,564.753978184,519.6722527889999,2161.77,3015077888
fabric,1,benchmark,565.004090751,519.922365356,2163.29,3031142400
fabric,1,benchmark,565.254295804,520.172570409,2164.29,3031142400
fabric,1,benchmark,565.504708126,520.4229827309999,2165.18,3031142400
fabric,1,benchmark,565.755166469,520.6734410739999,2166.69,3031560192
fabric,1,benchmark,566.005355819,520.923630424,2167.46,3031560192
fabric,1,benchmark,566.255714107,521.173988712,2168.27,3031560192
fabric,1,benchmark,566.506047154,521.424321759,2169.18,3031560192
fabric,1,benchmark,566.756422462,521.674697067,2170.54,3031629824
fabric,1,benchmark,567.006679154,521.924953759,2171.32,3031629824
fabric,1,benchmark,567.256829201,522.1751038059999,2174.83,3032784896
fabric,1,benchmark,567.506931126,522.425205731,2175.26,3032784896
fabric,1,benchmark,567.757208758,522.675483363,2175.73,3032784896
fabric,1,benchmark,568.007438707,522.925713312,2177.11,3039436800
fabric,1,benchmark,568.257881616,523.1761562209999,2177.96,3040178176
fabric,1,benchmark,568.508053783,523.426328388,2178.75,3040178176
fabric,1,benchmark,568.758361625,523.67663623,2179.66,3040178176
fabric,1,benchmark,569.008481908,523.926756513,2180.48,3040178176
fabric,1,benchmark,569.258915225,524.17718983,2181.5,3040182272
fabric,1,benchmark,569.509278369,524.4275529739999,2182.35,3040182272
fabric,1,benchmark,569.759649423,524.677924028,2183.29,3040182272
fabric,1,benchmark,570.009842448,524.9281170529999,2185.04,3041091584
fabric,1,benchmark,570.26105798,525.179332585,2185.89,3041099776
fabric,1,benchmark,570.510551042,525.4288256469999,2188.92,3041120256
fabric,1,benchmark,570.760837241,525.679111846,2190.03,3041120256
fabric,1,benchmark,571.011120208,525.9293948129999,2190.35,3041120256
fabric,1,benchmark,571.261379305,526.17965391,2191.51,3040997376
fabric,1,benchmark,571.511760357,526.4300349619999,2192.42,3040997376
fabric,1,benchmark,571.762017933,526.680292538,2193.26,3040997376
fabric,1,benchmark,572.012197804,526.930472409,2193.98,3040997376
fabric,1,benchmark,572.262652129,527.180926734,2195.15,3041009664
fabric,1,benchmark,572.513006578,527.431281183,2196.17,3041009664
fabric,1,benchmark,572.7636294,527.681904005,2197.24,3041013760
fabric,1,benchmark,573.014072772,527.9323473769999,2198.68,3041026048
fabric,1,benchmark,573.264300325,528.18257493,2199.42,3041026048
fabric,1,benchmark,573.514513026,528.432787631,2200.37,3041026048
fabric,1,benchmark,573.783225003,528.701499608,2203.16,3041050624
fabric,1,benchmark,574.033259265,528.9515338699999,2203.85,3041054720
fabric,1,benchmark,574.283822592,529.202097197,2204.9,3041067008
fabric,1,benchmark,574.534667662,529.4529422669999,2205.9,3041067008
fabric,1,benchmark,574.78441623,529.702690835,2206.75,3041067008
fabric,1,benchmark,575.034754004,529.953028609,2208.02,3041067008
fabric,1,benchmark,575.284929342,530.203203947,2209.41,3041067008
fabric,1,benchmark,575.535511388,530.453785993,2210.55,3041067008
fabric,1,benchmark,575.78560796,530.703882565,2211.49,3041067008
fabric,1,benchmark,576.035954554,530.954229159,2212.52,3041067008
fabric,1,benchmark,576.286060057,531.204334662,2213.66,3041071104
fabric,1,benchmark,576.536244713,531.4545193179999,2214.52,3041071104
fabric,1,benchmark,576.786981224,531.705255829,2216.52,3041079296
fabric,1,benchmark,577.037074485,531.9553490899999,2217.69,3041079296
fabric,1,benchmark,577.287568984,532.205843589,2218.29,3041079296
fabric,1,benchmark,577.537475356,532.4557499609999,2219.27,3041087488
fabric,1,benchmark,577.787790996,532.706065601,2220.65,3041087488
fabric,1,benchmark,578.038116187,532.956390792,2221.51,3041087488
fabric,1,benchmark,578.288443777,533.206718382,2222.43,3041087488
fabric,1,benchmark,578.538346007,533.4566206119999,2224.02,3041091584
fabric,1,benchmark,578.788862245,533.70713685,2224.79,3041091584
fabric,1,benchmark,578.874885173,533.793159778,2225.01,3041116160
fabric,1,startup,579.038908781,533.957183386,2225.33,3041148928
fabric,1,startup,579.289274842,534.207549447,2225.76,3041538048
fabric,1,startup,579.539355759,534.457630364,2226.19,3037519872
fabric,1,startup,579.789706538,534.707981143,2226.19,3037519872
